protein_accession	organism	sertyope	operon_accession	protein_seq
AAL27327.1	Shigella boydii	5	AF402313	MRVFLYVLILYLSVWITNEYSILSFPIEFNFLYLLPQILLLSFVYAFITRAKKKSHQVDILEWVIPITKLSIVLSLIVLIITLPANGRDAKLEIISNNIVLYYLNIFNSSMLIVILSSMFQPCRSIVNKKVFFYIIFAIIAFSLTNLSRSMAFYFIIAICMSGLKFDIEKKKIISWGMVLIVVMILMPIFQGRTDNVEGALVRSILNIVFYVSYSFGLGEYLIKETHLSGISWGYFGYVLSKILNEPLTSNIFFDNKYLYEFIQLGKSDIYGLLNANVMYPLWATVYADFGLFSFIPYLFTFFIIVTSYFMRAYILFSWLFFRFAILGFLVSPVLFRDIIFEIVVVLAFEIFIRKNKRICADE
AAL27339.1	Shigella boydii	6	AF402314	MIIITSFMVLLFLFTDNLKLKNFRIILFYFFSLCFSVLVYFRPEYMLNTDYKEYYNYFKWINFDNIYNLSDTIGFEYGFGYIVTLIKYFFESERACFSGIAFLSVFISYKAILRLNPKTTAFSFSLFLLSFCVYIFLGQIRQGISLSLGLLAISYLLEDKRKQFLLTVIIASSIHVTALILILAPFVKYFRIKYIFYSLLLSFAFVFIDVIKPLIITLAQFIPFGSFITGKIIAYGNSEFSTKVGFSFIQVYYVLLSTVLYILVKKYEYKNNYILTLCKIFMVGVILNFTFNSFSVLLRLTYYYLALDCILMGYLLNMAKNGYTKILIYCPTLMLFILRFYMQWSEHING
AAL27351.1	Shigella boydii	9	AF402315	MIYKRMSGVIFIYITMFMFLSLGLGNFLINYISVDFVNIILFMSCFLMFAFGALVGERVNFFIVNKIPIRLITIIKISIWSSFIGTVACWYYNIKYWGSVSYILSHAMLIRDSMIGGNADFIPTIWSYLASFSYLALICSLFLFDKNNNGVKKKKKIIYCTCSFILVILLDMIYFGRIGAVFSFLTIFAYIVTFFPLSKIFNKKTFLLFIVVIALVNAPRIIRGGGDLFLASVDDKIKSINVPVNIYTAGPIINYIYYFSSPYSFNQWMEKDFNTTEFTYGSRTFTPFYNILSKLYGNERVVIIDENAYIPFRHNIFSVVKDYYSDFGFWGVILIPFTIGLICGKSIKSFYLTARLSKIDYSYGILGVFFLSYILYSPLYNILSFGKFFIPLVMMLFLSILFRVK
AAR24270.1	Shigella boydii	13	AY369140	MEMYEGKLKNKILSLFLLCETFCFIYIIYNKELVSDYLGRAITLSEFTISCIFFLLLLFYFLFHTLWVISEKIIKSRKKIGSVGNLNLFVLVLIFLYFILNLKTGIGKVGQEDNITLTGLDKLLFAAPIFFKINFLMYIYAAGNRNKNRLYYFNLFFFAFAELTRGVSFTILLLLIIEYNKIRRFISLRYFLFSLLFGILLINVIYNVKFYVRMGAKYEYIDIYTSLIMLMGRLSILSNLLFIHDNLSDIRLYFYGSGYQGVVHEFLESLTPVPSLFGINEKVLEFGKILFSYSNVTFTSATAASLLGIIYIYPNSIFNAITIICLSWIYIHIITGYLEFSRMQRVVAYFFVLLALYQGFMAILSNYIYALTIYFLIACARNLLLSKKYETI
AAR97964.1	Shigella dysenteriae	7	AY380835	MINLNPVAILTLLYLSINFLSMLIGCSSGEIQVETSIFRVSEESLIYSFLLQAICLIFLYYIYKYFTNRISYPPLTFKAKWGRALLIIQIAFIIFNTQMGVNTAGSVERIEGQSLSNYLFIILQPDILVAVISVCLNSGFLFWTNILVYLLSMFLRGWMGGTFVILFLILSRYQNLRISLKTFLVSLCSLLLLFSILPALIEAKWAMRTGISLSVFISNMSSYVTPENYYAGINYLLNRFQHVGHLALIYENADDIFKKYNAGYFSSYYMDGIPQYLLVKMYNLDMYKLSFYLVQYFFDITEPTWNINTGVVGWLYILRYESILFAFYIMLLLLVPYYVVSRFAGKRMLSVLACFSIIYLFHGWLGAYVNLAFYACIISLLANIRLYRTVYIPCEK
AAS98031.1	Shigella boydii	11	AY529126	MVYGFLWCLCFLLSLFNNNSYFKYYITLCIIMVLWFLASFRGAGVDGDYANYIEYINDAQSIGYSYRGGYFFDWIVNFFVYIGLPATYVFAVYALAIPIKIKLFQKFSLLSSSILLGYVGFFIYLHDFTQIRAGLAVGIAFWGIYYYAYQNKIKAVILFFASCFIHPSLIFLVAFVCFNKFLSNKLLVVTLMISIILCIINANTFIVQKIVDLSGSADLDLYYRLAVDGQIIKTFGAFPLLNLFISIVSLYYLNNIARENALLSIFIKMLLFSQISWFLFSPIPVLAARISQIFLFSIVFVLPHLSVKLFNQPITIPALYSFVGFLAFIIIAELMHPYQLGF
AAV41072.1	Shigella boydii	O1	AY630255	MLVTILALFLFIQLLYLISYKRNFNTKSINDILSFIIFLFLIVLFFFRNEDFGADTQNYLNEFDEYCSNPSGYIGVDYTYKYIFDLINFLMLDSCHISWLIWIWPIFVIGCIFLAITIFRVDKIYIMALFSSFIGIELLTNALRQGFSIAVLLLSFCLFIKRRYFLFLIAVTISFLFHQASILIVSIFIISRCSIRIVVPSIVVGVFLLFATNILDVVPWVIEFKKLIYKYLPYADEDFIIRIISIINTLCLCVLYLIVMIKSHCKDKIINNIVINATFVCCIASIVPYLGFRIIYGVYPLLLLLTYCSIRNYIGRVSSYNYLSLSICINIFISIMWLCGSSHMNKIPFVSIII
AAZ91245.1	Shigella sonnei Ss046	NA	CP000039	MLIYLYPVLLLFNILPVFFYGQMNSDLERFFGVPIGYIPDLIFYFFVVLTSIITLRFHVSLWTKKLLFLGIIFLIYISIQMLLLSADISGVVILLSFFSNFIALVLLVSFCIGKDELYLTHSVRNINVVMCFGIICGVVKLFIGYSEDSNFIVYLNRNATAIIVVCFYCVYSYFYRGRKSWYVSSVLYSLFFLFLDSRAGIISFAISLFFVFLQLTKKEKLLISLFFVPLLTLGISFTDIGTRLERMLSSSQVIFSGGNTLTKSQNDYRRVELVFIGVDVLKENYLIGTGLGVANYVKAIDKKFLGSTNFGLAHNFYLSYSAQLGIIGFILLISVFYIMLSPIFKCGGYIGKGCVFALAFYVFFNEYILTPAIYIYISIFLSVVFIRNSK
ABB65530.1	Shigella boydii Sb227	4	CP000036	MLAWAPKLLLLFFLLSGLIKAISLYININLNYVFIPLLILASLFYLLINRTIKMKAQGACFIFFFSISAILFLVNNIVVNNVYTQLQLMLAVTIQYIFPIIIICLAGSGKLKLDIFDSLINIITKLTFLSLLIFGLCVMYDSKMVEEFYSQLYNHGLIINPFQTSEEGITLRFSGIFSSGFILASYCCFAIIYYYFNKSVNRIKFAFLFVGFVIMVVLTYNRNGMLAFAVTSLFIMIHTYLRRYYLTLANLYYVFLIGILFIAPSFILYFGGDIQNSYSSIDYSAFTKLSTLFSRIDAWLQVLNINDVSRLLFGSGLVQGLGEDDMNFYVDNGYLYLLHQSGLIALVLYIATWSYMFISLSKNLKKRRNHNFVSVDEINICLLLILVSFTLALLNNLFFEPVFLILVLMKCVTVNNKSSSIYEKNEQTYE
ABD19779.1	Shigella boydii	16	DQ371800	MTIVTNRMLLFFIFLIINVPNVEVEYGGSILKIYNAIFFLLLLLYIKKPQWKLHMISSYLLFIVLFFTAYLIINGRDEHLIAIANSYIPNEWQVLYGKQVFDDFYRSTTVSLFQLANFLILVFYFNFFHNVNRSLFLFDSMKYVLAISILTQISISIIQLVAFNNDRPSGSFGNAQSLGFFYLLCICYYSVFLPSWKKLISIIVLLLAIIITGTRSALFIAIIITALNMLNISVFMRKLILFLLFISVVILCSLFSSSDVFRGVILEIIGLFTSPHSMYVRGLMWNSFYQTLTESPLFGTKGITVYFADNFFWFFILSYGICGAVFIGVFFLSIIRSANSKFVFFLGVCTILQSVSYYGFFIENMGVVLTIFLAISLNHKVKIGY
ABI55342.1	Shigella boydii	17	DQ875941	MINNGWFFNMYVNYISYKLIAILGGAAFLLIPFSPILSFSISIFTLLTMSNYLFGYMRQSLIILAMISIVIIIASREYTDEIEHDLSHYYIVYKALASGQLNELFGFAAGVEIGWPLLYLMVSKFNGNLSPITLAIINTSVCLFLLYVWINKHAFHNEYLNNSGVIAALIILFASVQTFGYLQRQAISTVILLFSISNTGKKSLVYLLLATLFHLTSLPLGILYLTLRKWHSRIKLHHMLMIFGILIFIKLNLFVILNYLSVVGTGIPGVNKLNYYLLYASEFSFTSKRFAILIFPLALAMILFWNKIPNDNWKLISIFSCLSYIVFLGIPLGPERLNFLLLFLYGYFVYLYLYKVLPNVTKYFILVYLFMFALEKMNFFGNYADPFWSRYPAFSFEPFYYLY
ABU80601.1	Shigella flexneri	6	EU118169	MTSDFYNSKDKSLSVLLFFGFIFFLTRSFPFIQYSWIMEGFLCLCIMSFTKKIANGIYHYPVILIFLLALFINFIYSYIKGNDIAIIIRFYIIILFILCAYFCSYGTISIVKIFLYLMVLQAVIISIISIYMTKTYGIGDYSALRHYFLENDYGDVYTYGSGFYRVQIKGNALIPFAFMLHIVIKDYFYYRFKNTITVILAIGTIVAGNFAYFVSICLFFMYIILCSKSNSRYAKLRKIIFGVFLTVILPFFITYSIELIIMKSNGADSSLGVRWDQFTVLINDLTESVSNFVIGSGLGNVIKIQTPIRDYSAYIYYELQSVYFLNQLGVILFTLFLLINLLLTIKIIKYSELCVLYFLYVSYAITNPYILDSNHVAVIIVLVTLSNVLKKMKAK
ACA24754.1	Shigella boydii	8	EU294163	MKVFFDVFLLFLFVFAFSIPVFFNSGYLIYIFSLIYLITNIRIRTVFFSLISTRIFFIAFLSLACMLFFSCISLVLNGTGDLSIMGVIFNNLAALFSSVIIASHLIQHNNDNVLKLFFLIALLQSFFIILMMFFPSINAYIQSIIRTKEEIEFMSNTYGGIRGLGISGSVAFGLAIIMSLLSFLSIVWFNEEDCNIPFFLKLFFIILLLFASISAGRTAVLGFVLGGVYSFICSDYKKKFYRALQILIYVSLFLFIFWRFFLNEHVYDILKKYSDYSFQMLYYYLDSGKLSTTSTDELFNMYFPLTEKQIFIGYGYHTVKGWDILSRDRCWIYAVSIIFGCGTIGYFLFFVFYFFDYLCC
ACA24776.1	Shigella dysenteriae	8	EU294166	MNIYKNSNENSLSNNNCIVYFIPLLLLATFFFPLVVLIFIGALSPLLHPVLRNFYFYALLVFIIIFFSTLKPFGDIAEYLHVYHELNYNLIDVFGYSRFGDGLEFMFLAIMKFIGYISGGNDEVFLLSTYFLIVFFLSKILKDVDKKYKLFLLSLFFFNLGFIEVTSYFLRQVLSVVVFLYAINERSFKKYIFFLLSVFFHMSAVVNVFIYAVYMIFGSKKYPYAKIVFSILIGLLVVFFVVYNTPIYSVLLSKFTSVSGNDKFTRLPLNYIIITVVNICFIIMIGKRSKCDDFNKILFCKECFLFLILLPFPALSNRLGMIIFGFYPYFILPYLKAFERKGKSKYALLICLYVVNLVPFLYLMYNVSLGNNMFTFLNNHPFTEGVYGMIDYILEAIDKGVNYINEGN
ACA24792.1	Shigella dysenteriae	13	EU294167	MLILTNNIILLIFIIYTFLVFISALGVKLNSRGLDNFSCLITVLTFVILIFARTGLGVDESTYLESYHYYVQGGEADFEYGFNILFWGIRLFGVTESSFNTIFPLLILTALYFAVTVSVKSPFRSFVLIFTIFSSFFLDFSFNAYRQGLSFWFVLLAIESHLSGNRWKFIVYCLIGLGFHWSAAVVLFMLFLTRFLSTRLAIFCNIFLFFLTLVAAMMPLHVLSMLVTMIQYLPLNSSYLQKVIFYLTTIKSSFYDLNFFGRAPLIIYALILISLLAIYRKLLPIVQFKLLILLLVYSVLLLEMSYSFRNYYWVLPFTPFIMAKILSCYSNKKKVMVMYTMFSTGLWSLSIASFYSFPILSMIFQ
ACA24811.1	Shigella dysenteriae	12	EU294169	MLFTYASYLCILVFSTSVAFCYEHSKSNFKVLLWSVLFLSLWIPAAIRFGVGADYFRYLSMVESVRLGYISTEVGFYFINYFVVWFDLNPQWSIAISSFIVIFLSLKAIPRNYFSVSVFVLVCTFYLPSFSLVRQAIAIAFIAYAVKNYIDGNKKNYIIFILIGSLFHLSALLLVPIYFIARFRVRSSILFLGILIISLLLFLGSGLNALLNSEFFLQSKYGYYATSDFIQDAKIGSGVGVFIKMLLPLIFITNAKKILKTNQNLNILLWMSVGCVLANVCSMKIHIFNRLADIFLFVNFMVTSYIINSLEKNVIKQLSSMAIIIVFIVFYCRTIQANYNDDLGGIGISPYKTILSK
ACA24840.1	Shigella dysenteriae	11	EU294172	MTVSIYLLFLAFVFLLAMSDFFIIADARNRFLLYIILFSLLVTFIGLRYQTGLDWLFYNNLFNGEGFSLAIEPGYYFFSYVSSFLMGYWIYQALITAVLIICLKTFFEKNTKNYLFCIGFFFLYQFIFVTETIRQIIALSIILVAYKKFYDGKKLQFHMLTILACSFHISAVIVFILIPFLKRRNIYILKILTIVGLVLAIFSVYPVDYLIQLLSLLPAGGYIEKIRWYSQDDYAGSVLTFSLVFKVFVVLLFDYRFKSIKSHGQSLINARAYDFIYTSVYLMIFMDVYLGRFGTISTRLDVYFIPCFLIALNHLINEHKQGVSRFIFFFVVMVYFTINYLSIMNGYYFEKFYSPYQNYITEFLNPGSYSDRGWDVRYYFSNKELLQ
ACA24868.1	Shigella dysenteriae	5	EU294174	MYANKAMPKRHTRERVFLPLLLSMIFICMIINDLPLQQYLGTLGASPMWGGALFIFMLIVIRSRFVLNLDSTSKYFLYFYLLTFTISLLQCFYYAISRGSVENEYGGLIFGKLVFASTYYIVYFFTIYTAIFLARRITSSALKFCIINASVLLLLLLILEFFSPNSLSLFHKSMDGYGFGFRQRLLSPEPSMAAFTLNIFLLISIVLVNSKIAKLFMGGALVVGNLFIGSKASLILILMSGVIVFYLNMNLTQKIKSLLILIPVSIAVFYVFLNTILPALIVDVDKFTSVSTRLITALAALLSLIYYPLGEGYGTYSSYLLGPLDLAVQLAEELLPFTLNVSEVNKMLMTGESLAAKSGILFSVIQSGVVSLIFFYVIYRNAFRKLCAARLSNYNKIMMRLVLWYSLLSIMFAVNIEVVYAFLLPFIIIDHYAINYMRSYDYE
ACA24912.1	Shigella dysenteriae	10	EU294178	MTLKDWRYIVFWAVFSFVWITFCADNVLGFIISVLMFVILLWYGVFRKETILQVILLLLFLIPEYPRDILFLYDALDAKEIFYNTINTVKIGPLTLYYWAMISLPIVIIVKSGLKISYASGVAVSILIGVIIYLFLVTLTSSQSFNLSTAITNVKIYTILLCTFLLLSNWKEQELKAVLNNFLIFLPVIIGLRVILFITYDFTLGTPSWDYFTQPLITVIAFIYLLQNNNKTIIEKSLTYRILFYISLFSLSRALIAIVVISFIVAMFLSKKRVLKMKVLIEVVPFITILCFTVLVTNPNLYNFLLWKVSDLNVFESKKEISGSGKVRQYEILNILDGTDSSDKTILIGFGLSGHFNFDKHKLPIQEALDSKSFSEVERLENRFYFPHSFLAANLLRGGILLTLIYVLVHLALAIHFYRRRDFYLSMLSIFLIYNSYVRVEYAILLSILILLALFTHKGRSINIDMIRQQPNE
ACD36984.1	Shigella dysenteriae	4	EU296402	MNCKFNIWDIQLGLILISVLSYAFLNLGFLPLNISHLIILFVLITLSVNLLISQSIKITGLFLTLFVSFILLSAYSLLKYYDVQKVKNIINFFIFFSVAAIVINNCSADKIIKFYYKLTKIFIFFALLQWVLYYLNIGTLYTYSFLGLKEVNISTSGYLIRLFSIASEPAALCGILLPAIYLSINRIVNKGKEVTLSYSVIVLFVILNTFSLVGYIYIIICLIVALYVGNKISLSKIFIFTICLALLVFILFQSDSIQQRLNEITSLDKMASSDNLSVIAIYSNLQIALISLSDNLIFGGGIFSHPYTYDHYISQLYAGGGPRMELNKDDAASLYIRALSETGILGFCILNGLIIYLMKRCDKSKINYPYNIAFTIAFALLGIRAGSVNYIIIWFYFFSAIRFVNEGRLK
ACD37006.1	Shigella dysenteriae	2	EU296404	MIKKNNIYRFYILVCVFSGFYIFGFFPAPYYLCLILGFVFLSLSKIKHVDKNILFLLCIVIIYMVFMLFNSRINVWSYYFIGLLTYFIIILLRNNLDNYQKIAIVRKTVLISLLLVILDTIYRFYYPREEYLLAIEQQGKIDYLFYGYKHSFLFQDSNFVGLYILSVFFLFRDNMSIFKWKKSILLTIIILIILSLSRAAIVALILTECIRMLCGMKVDVRLKIVSLIFMAIPTIYLLFVLVANIDDTSFESKFMLLNKFLTTFQERNFTELLFGWGLDNTREHWGIAAHSLFNTLLLEMGLVGFIIITISIVYCWCLNTKTLYHFMGLSIAFLSFGLIFTPFFIPLGLNIIMRDVSNEKL
ACD37026.1	Shigella boydii	12	EU296406	MIENIHNSLQELKSDHINKYNGSNFYYYVSVFGLLLISFRLQIPSLIFIIGAIIIRGTTFKQNISGWLWFGSITFFFGIYLFLGLDNYERGADKFLSRTLVIYLYFVFFYGLGCVRTQNRERLLSFFSLFSVIYVYAVCIYSKISGYPGYNGIYDVFNGNDENSPLYALQLILFTILYLHLNAGKINKIWVGLLIITSFYFSVIYLGSRASFLLLIFYFIFVIFKHKTNLLISFIIFIPFIVTLFIYINDFNFLNYLDFGGFENRGLSSPRFSMLEYGLKNFMNYPWGGLIVHGEGYDGIWLHNMLLDIVRVSGYYTMFVWLFILLMAGLVILKREKFYFPIFLILNIALMQDLAFDGFFNIMALEFFLLGVAVPGLRK
ACD37037.1	Shigella boydii	3	EU296407	MNNTLRQYSLVQVFITMYCLFPFYFHNIYSIQTFSLYSLALSFVVYTFFYKVRFVSRSGAITILASTTTFLIFLFMSMLINLSSDMTFVYEQVFGFSKQLLLALVPFCLYFSFNSDDINYAVHSILLLFIRAISLYVFISVIFLIPEVRNYWIDIIYFSSDQNKELINSASYYTRFGLQGFSGFRHAILCAIALIFSIYLFMCGYKKIKNYWMSVFLVCIGCFLYGRIAIAVILCITLISLFYLLCKFEKLYFIFIVCLCVGTIACVVYMNIDYIQDSYSLAWIFEPLINFINEGQFTSHSTNDLSSMYIMPNENTMLLGDGKYTNHDGSYYMHTDVGFLRPVFFGGIFFVFFYYMMLILPLILIIKNSGLERRNILTLFLALALIVFELKGESFISFSAIIFSFILIPIICKRLN
ACD37051.1	Shigella boydii	14	EU296409	MIYIMQSIMIFAFLTKIPLTSIIVVSASVISLILSSVSHDVISIKKVRIKLCILILFLFILLIRILANLALFDNLSQSDLDYIITISLAMVIYITFLVRPNPVALKYGILSAVIFTIVLALIEYILHVNTGSSRFEDPTNMFYLSDNRVPTAFYYNENDMLYFIILFIPFVCQTIKNNILSKAIFISAFLLALIITSKAAIITMCIYFLWNIYNEPKGKSIFIAYISLAFLFLIILLLSWNYLSSTGLAEKVLYRFSGLIDFLSGTGGDNSSNERFEIYTSVFSFLANNIDMIFFGFGSFSYYESVFLREYSLRIADFHNMYLELLTLFGSFVYVFILIFILRRYIELKSIYINGRRVFNFMIVSFCSIMSIISSSIVKYPSFYVFLLLLVFARKYMDKKNEF
ACD37072.1	Shigella boydii	7	EU296411	MTNITFRTLRIPGYLLSLFVLLIGFITYFIFNETLAANLLAVGAIGIIILDSLHDKRIFYLTLFPVYVLVGQLISLLLVEHGWILIELGGIKSYPIGSILFMALTIVLFHFIIFLTVKISIFKFDRTCIDKLSGNSFIYYLPIFYLCLVYIPVFIYGSALSVTNGNRVVYNQIISPVFLYLFQIKQFILPVAGLYLLKNKKIFTIYLFAILLWNILIGEKATGIWQSLYPMLLPYVLINYDKIKTKNILIVLGFCIVFITSSIVINYIFIEKSGATFIFDRISMQGQLWWYYFNEHVLLAKTPHELSEEFSSEYSGLLNLMYHSMPAHLFNSYIERGVVLTSGFPAIFLFYFGQYWLLPTLLSPFLFGLVVYFFSRSLYSGSILSLLISSKLFFAFTVFFARGDIATFLDYKLLIYLLIIIILQYLPRVKV
ACD37078.1	Shigella boydii	15	EU296412	MVNAKNFVLIIFDVICLFLNVFVYVPRLIIGVLTVDKTLIITFPLMLSVLAYNFIPPETYDLYRHYENYQNFSNNNEVSFIRDFFLYFLFTVGRLFDLNNGFIAFVSCYILYFYWLKILYINFDYKANKKNFPLYFFIFFITPPLVIYTGVRFSTGLILTLYGIVNWIQLRNVKLGIVYIICGLTAHFSMALIALIFIFTSYFNNIFSNKYLRVGLVFSALLVISFNEQLVRFLTTVIEFINQLFDWNFISIDTYITGKWGLERAQELNSTGQLVLGIRNYGMLFLILLFCPLISFNKNKYTNFYYVMCAVTILVFPFTAVFDRYGTFLIFFIVYYLSTLQKKTNIEIIYFLMLIVYLIFFRTIDIKDNISVYTESYSNILNLSLIKVLLGI
ACD37105.1	Shigella dysenteriae	3	EU296415	MYFLLFFSIFYFVYVILIGTLCHNYKALLIFSLIPLTIVSGIRYNVGFDFMSYVDYFNQLKYSNDIYLDSTFKYISYFTYYIGGNEQILFLIYAVFYSVALYFLIKLVLENYITEINNFYTIGLVLSFYSFYFLLSFNQIRAVLSALILCYGLLKNKIDFSFIITITLSILFHSAAMFILPLYFVLRKINVTVLLVIFPFLVVASSFNIFSDIVRFILTLLNSRFLTYFNSEYFVPRTGMEKMYSMISMIIVLGMVVCLSKLLPKKFDLMIKFVILFVLLRAMSIDILIFARFSDFLKPMAIILIFTAIYFSSNKVRPRIILPFYLIMTLFICIFNIIIGSNITKENYYTYGYNICFFGNKCIDKFY
ACD37111.1	Shigella dysenteriae	9	EU296416	MSHFGGGLMKSVNNFNFYLAIFIGMFDLTIFSTGNSLGQALTTVLLLFSILSDINKVFLKPFFFVISYIVLALLVSLFHGETSYHYSFIIVKTGLILFNAMVISQILILYADKKQISNFVNFIFLIQTISLLLYSNELFQMMRGFFLSARSEHLYENFSDSYWYRDATISNQGYSGYALGALPLVIIAVHNIMKSKFFSIRYFVAVVCCGLGVSVAMLNGRSVFLFIPLYMIYLMLRPKEICLTYKIIPVILIIVSAIIIVLTNFDISSNFVLAFFEQKDKSYGIDSVDDLMYNHTILHFDITLFGLGKYLLSDGSAFVRSDIGYYRQMGVGGISLVLFYIFSIWLAVRYVIYRDLSLFILFIILLANFKQEAFNNAMLMYGAFLLAAYWVARDKIEITKK
ACD37126.1	Shigella boydii	2	EU296418	MNMTIFIAIIMLMYSGLLLSINKDIKSPSAILFFIWGGLLFLSGVNGDITNYTLCIILFSCLSFSVGALLAKPYAPIFEHVFSYNINNTKALVLITNIISFVILIYTLIVFLYYYKGGFTESYINSRTEINYGDKSGLIKIYGYIYYLLYPLVYVWSFLYFKNKYKKIEEGERARLPYNNRTFYFVFFTSLFYALLSTAKIKVLLLIIPIVFLRLFFQKISLKYLLVTVSGIIFFFYLSMLFLNKIDDSSGAFEALKYGLMNYSLANIFALDSVLQGKAVVIDCNGDATCGLANFISYKEYKTNVFTIFYSLTKYSDFLYSLIFFFVIGFFHSSLYNVAKKNKKTISVVICSILYFPLLFQFFDQLYMLMFYIYAIAMLYVICFCSRLTLTLKGV
