	serotype	strain	antigenic_formula	operon_accession	polymerase_accession	comment	source	record_id	taxon	structure_id	GLYCAN_CSDB	GLYCAN_WURCS	GLYCAN_GLYCOCT
0	1	519/43	1a	CR931632 	CAI32705.1		CSDB	3726	_:taxon_Streptococcus_pneumoniae_1	2950	-3)[Ac(1-2)]aDFucpN4N(1-4)aDGalpA(1-3)aDGalpA(1-	WURCS=2.0/2,3,3/[a2112A-1a_1-5][a2112m-1a_1-5_4*N_2*NCC/3=O]/1-1-2/a1-c3~_a3-b1_b4-c1	"RES
1r:r1
REP
REP1:4o(3+1)2d=-1--1
RES
2b:a-dgal-HEX-1:5|6:a
3b:a-dgal-HEX-1:5|6:a
4b:a-dgal-HEX-1:5|6:d
5s:n-acetyl
6s:amino
LIN
1:2o(3+1)3d
2:3o(4+1)4d
3:4d(2+1)5n
4:4d(4+1)6n

"
1	2	pn2L	2a	CR931633	CAI32727.1		CSDB	6395	_:taxon_Streptococcus_pneumoniae_2	1869	-4)bDGlcp(1-3)[aDGlcpA(1-6)aDGlcp(1-2)]aLRhap(1-3)aLRhap(1-3)bLRhap(1-	WURCS=2.0/5,6,6/[a2211m-1b_1-5][a2211m-1a_1-5][a2122h-1b_1-5][a2122h-1a_1-5][a2122A-1a_1-5]/1-2-2-3-4-5/a1-d4~_a3-b1_b3-c1_c2-e1_c3-d1_e6-f1	"RES
1r:r1
REP
REP1:7o(4+1)2d=-1--1
RES
2b:b-lman-HEX-1:5|6:d
3b:a-lman-HEX-1:5|6:d
4b:a-lman-HEX-1:5|6:d
5b:a-dglc-HEX-1:5
6b:a-dglc-HEX-1:5|6:a
7b:b-dglc-HEX-1:5
LIN
1:2o(3+1)3d
2:3o(3+1)4d
3:4o(2+1)5d
4:5o(6+1)6d
5:4o(3+1)7d

"
2	3	524/62	3a	CR931634			CSDB	2074	_:taxon_Streptococcus_pneumoniae_3	304	-3)bDGlcpA(1-4)bDGlcp(1-	WURCS=2.0/2,2,2/[a2122h-1b_1-5][a2122A-1b_1-5]/1-2/a1-b3~_a4-b1	"RES
1r:r1
REP
REP1:3o(3+1)2d=-1--1
RES
2b:b-dglc-HEX-1:5
3b:b-dglc-HEX-1:5|6:a
LIN
1:2o(4+1)3d

"
3	4	600/62	4a	CR931635	CAI32772.1								
4	5	Ambrose	5a	CR931636/CR931637	CAI32797.1		CSDB	6398	_:taxon_Streptococcus_pneumoniae_5	3670	-4)bDGlcp(1-4)[Ac(1-2)aL6dTalpN(1-2)bDGlcpA(1-3),Ac(1-2)]aLFucpN(1-3)[Ac(1-2)]bD6dxylHexpN-4-ulo(1-	WURCS=2.0/5,5,5/[a21U2m-1b_1-5_2*NCC/3=O][a1221m-1a_1-5_2*NCC/3=O][a2122h-1b_1-5][a2122A-1b_1-5][a2221m-1a_1-5_2*NCC/3=O]/1-2-3-4-5/a1-c4~_a3-b1_b3-d1_b4-c1_d2-e1	"RES
1r:r1
REP
REP1:9o(4+1)2d=-1--1
RES
2b:b-dxyl-HEX-1:5|1:keto|4:keto
3s:n-acetyl
4b:a-lgal-HEX-1:5|6:d
5s:n-acetyl
6b:b-dglc-HEX-1:5|6:a
7b:a-ltal-HEX-1:5|6:d
8s:n-acetyl
9b:b-dglc-HEX-1:5
LIN
1:2d(2+1)3n
2:2o(3+1)4d
3:4d(2+1)5n
4:4o(3+1)6d
5:6o(2+1)7d
6:7d(2+1)8n
7:4o(4+1)9d

"
5	6A	34351=Rodriques	6a, 6b	CR931638	CAI32823.1		CSDB	129933	_:taxon_Streptococcus_pneumoniae_6A	5189	-2)aDGalp(1-3)aDGlcp(1-3)aLRhap(1-3)xDRib-ol(5-P-	WURCS=2.0/4,4,4/[h222h][a2211m-1a_1-5][a2122h-1a_1-5][a2112h-1a_1-5]/1-2-3-4/a3-b1_a5-d2~*OPO*/3O/3=O_b3-c1_c3-d1	"RES
1r:r1
REP
REP1:6o(2+1)2n=-1--1
RES
2s:phosphate
3b:o-drib-PEN-0:0|1:aldi
4b:a-lman-HEX-1:5|6:d
5b:a-dglc-HEX-1:5
6b:a-dgal-HEX-1:5
LIN
1:2n(1+5)3o
2:3o(3+1)4d
3:4o(3+1)5d
4:5o(3+1)6d

"
6	6B	2616/39	6a, 6c	CR931639	CAI32843.1		CSDB	5205	_:organism_Streptococcus_pneumoniae_6B	354	-2)aDGalp(1-3)aDGlcp(1-3)aLRhap(1-4)xDRib-ol(5-P-	WURCS=2.0/4,4,4/[h222h][a2211m-1a_1-5][a2122h-1a_1-5][a2112h-1a_1-5]/1-2-3-4/a4-b1_a5-d2~*OPO*/3O/3=O_b3-c1_c3-d1	"RES
1r:r1
REP
REP1:6o(2+1)2n=-1--1
RES
2s:phosphate
3b:o-drib-PEN-0:0|1:aldi
4b:a-lman-HEX-1:5|6:d
5b:a-dglc-HEX-1:5
6b:a-dgal-HEX-1:5
LIN
1:2n(1+5)3o
2:3o(4+1)4d
3:4o(3+1)5d
4:5o(3+1)6d

"
7	7F	554/62	7a, 7b	CR931643	CAI32935.1		CSDB	6400	_:taxon_Streptococcus_pneumoniae_7F	3671	-6)[bDGalp(1-2)]aDGalp(1-3)[Ac(1-2)]bLRhap(1-4)bDGlcp(1-3)[Ac(1-2)aDGlcpN(1-2)aLRhap(1-4),Ac(1-2)]bDGalpN(1-	WURCS=2.0/7,7,7/[a2112h-1b_1-5_2*NCC/3=O][a2211m-1a_1-5][a2122h-1a_1-5_2*NCC/3=O][a2122h-1b_1-5][a2211m-1b_1-5_2*OCC/3=O][a2112h-1a_1-5][a2112h-1b_1-5]/1-2-3-4-5-6-7/a1-f6~_a3-d1_a4-b1_b2-c1_d4-e1_e3-f1_f2-g1	"RES
1r:r1
REP
REP1:7o(6+1)2d=-1--1
RES
2b:b-dgal-HEX-1:5
3s:n-acetyl
4b:b-dglc-HEX-1:5
5b:b-lman-HEX-1:5|6:d
6s:acetyl
7b:a-dgal-HEX-1:5
8b:b-dgal-HEX-1:5
9b:a-lman-HEX-1:5|6:d
10b:a-dglc-HEX-1:5
11s:n-acetyl
LIN
1:2d(2+1)3n
2:2o(3+1)4d
3:4o(4+1)5d
4:5o(2+1)6n
5:5o(3+1)7d
6:7o(2+1)8d
7:2o(4+1)9d
8:9o(2+1)10d
9:10d(2+1)11n

"
8	7A	2040/37	7a, 7b, 7c	CR931640	CAI32867.1		CSDB	115860	_:taxon_Streptococcus_pneumoniae_7A	5421	-6)aDGalp(1-3)[Ac(1-2)]bLRhap(1-4)bDGlcp(1-3)[Ac(1-2)aDGlcpN(1-2)aLRhap(1-4),Ac(1-2)]bDGalpN(1-	WURCS=2.0/6,6,6/[a2112h-1b_1-5_2*NCC/3=O][a2211m-1a_1-5][a2122h-1a_1-5_2*NCC/3=O][a2122h-1b_1-5][a2211m-1b_1-5_2*OCC/3=O][a2112h-1a_1-5]/1-2-3-4-5-6/a1-f6~_a3-d1_a4-b1_b2-c1_d4-e1_e3-f1	"RES
1r:r1
REP
REP1:7o(6+1)2d=-1--1
RES
2b:b-dgal-HEX-1:5
3s:n-acetyl
4b:b-dglc-HEX-1:5
5b:b-lman-HEX-1:5|6:d
6s:acetyl
7b:a-dgal-HEX-1:5
8b:a-lman-HEX-1:5|6:d
9b:a-dglc-HEX-1:5
10s:n-acetyl
LIN
1:2d(2+1)3n
2:2o(3+1)4d
3:4o(4+1)5d
4:5o(2+1)6n
5:5o(3+1)7d
6:2o(4+1)8d
7:8o(2+1)9d
8:9d(2+1)10n

"
9	7B	Johnson	7a, 7d, 7e, 7h	CR931641	CAI32889.1		CSDB	21806	_:taxon_Streptococcus_pneumoniae_7B	7720	-6)[Ac(1-2)]aDGlcpN(1-2)aLRhap(1-2)bLRhap(1-4)bDGlcp(1-4)[bDRibf(1-4)aLRhap(1-3)]aDGlcp(1-P-	WURCS=2.0/6,7,7/[a2122h-1a_1-5][a2122h-1b_1-5][a2211m-1b_1-5][a2211m-1a_1-5][a2122h-1a_1-5_2*NCC/3=O][a222h-1b_1-4]/1-2-3-4-5-4-6/a1-e6~*OPO*/3O/3=O_a3-f1_a4-b1_b4-c1_c2-d1_d2-e1_f4-g1	"RES
1r:r1
REP
REP1:9o(6+1)2n=-1--1
RES
2s:phosphate
3b:a-dglc-HEX-1:5
4b:a-lman-HEX-1:5|6:d
5b:b-drib-PEN-1:4
6b:b-dglc-HEX-1:5
7b:b-lman-HEX-1:5|6:d
8b:a-lman-HEX-1:5|6:d
9b:a-dglc-HEX-1:5
10s:n-acetyl
LIN
1:2n(1+1)3o
2:3o(3+1)4d
3:4o(4+1)5d
4:3o(4+1)6d
5:6o(4+1)7d
6:7o(2+1)8d
7:8o(2+1)9d
8:9d(2+1)10n

"
10	7C	Sutcliff	7a, 7d, 7f, 7g, 7h	CR931642	CAI32910.1		CSDB	12639	_:taxon_Streptococcus_pneumoniae_7C	13586	-6)[Ac(1-2)]aDGlcpN(1-2)aLRhap(1-2)bLRhap(1-4)bDGlcp(1-4)[bDRibf(1-4)aLRhap(1-3),Ac(1-2)]aDGalpN(1-P-	WURCS=2.0/6,7,7/[a2112h-1a_1-5_2*NCC/3=O][a2122h-1b_1-5][a2211m-1b_1-5][a2211m-1a_1-5][a2122h-1a_1-5_2*NCC/3=O][a222h-1b_1-4]/1-2-3-4-5-4-6/a1-e6~*OPO*/3O/3=O_a3-f1_a4-b1_b4-c1_c2-d1_d2-e1_f4-g1	"RES
1r:r1
REP
REP1:10o(6+1)2n=-1--1
RES
2s:phosphate
3b:a-dgal-HEX-1:5
4s:n-acetyl
5b:a-lman-HEX-1:5|6:d
6b:b-drib-PEN-1:4
7b:b-dglc-HEX-1:5
8b:b-lman-HEX-1:5|6:d
9b:a-lman-HEX-1:5|6:d
10b:a-dglc-HEX-1:5
11s:n-acetyl
LIN
1:2n(1+1)3o
2:3d(2+1)4n
3:3o(3+1)5d
4:5o(4+1)6d
5:3o(4+1)7d
6:7o(4+1)8d
7:8o(2+1)9d
8:9o(2+1)10d
9:10d(2+1)11n

"
11	8	573/62	8a	CR931644	CAI32957.1		CSDB	938	_:taxon_Streptococcus_pneumoniae_8	2207	-4)bDGlcpA(1-4)bDGlcp(1-4)aDGlcp(1-4)aDGalp(1-	WURCS=2.0/4,4,4/[a2112h-1a_1-5][a2122h-1a_1-5][a2122h-1b_1-5][a2122A-1b_1-5]/1-2-3-4/a1-d4~_a4-b1_b4-c1_c4-d1	"RES
1r:r1
REP
REP1:5o(4+1)2d=-1--1
RES
2b:a-dgal-HEX-1:5
3b:a-dglc-HEX-1:5
4b:b-dglc-HEX-1:5
5b:b-dglc-HEX-1:5|6:a
LIN
1:2o(4+1)3d
2:3o(4+1)4d
3:4o(4+1)5d

"
12	9A	Wilder	9a, 9c, 9d	CR931645	CAI32973.1		CSDB	7511	_:taxon_Streptococcus_pneumoniae_9A	1049	-4)aDGlcp(1-4)aDGlcpA(1-3)aDGalp(1-3)[Ac(1-2)]bDManpN(1-4)bDGlcp(1-	WURCS=2.0/5,5,5/[a2122h-1b_1-5][a1122h-1b_1-5_2*NCC/3=O][a2112h-1a_1-5][a2122A-1a_1-5][a2122h-1a_1-5]/1-2-3-4-5/a1-e4~_a4-b1_b3-c1_c3-d1_d4-e1	"RES
1r:r1
REP
REP1:7o(4+1)2d=-1--1
RES
2b:b-dglc-HEX-1:5
3b:b-dman-HEX-1:5
4s:n-acetyl
5b:a-dgal-HEX-1:5
6b:a-dglc-HEX-1:5|6:a
7b:a-dglc-HEX-1:5
LIN
1:2o(4+1)3d
2:3d(2+1)4n
3:3o(3+1)5d
4:5o(3+1)6d
5:6o(4+1)7d

"
13	9L	T9233/128/68	9a, 9b, 9c, 9f	CR931646	CAI32993.1		CSDB	7510	_:taxon_Streptococcus_pneumoniae_9L	1048	-4)[Ac(1-2)]aDGlcpN(1-4)aDGlcpA(1-3)aDGalp(1-3)[Ac(1-2)]bDManpN(1-4)bDGlcp(1-	WURCS=2.0/5,5,5/[a2122h-1b_1-5][a1122h-1b_1-5_2*NCC/3=O][a2112h-1a_1-5][a2122A-1a_1-5][a2122h-1a_1-5_2*NCC/3=O]/1-2-3-4-5/a1-e4~_a4-b1_b3-c1_c3-d1_d4-e1	"RES
1r:r1
REP
REP1:7o(4+1)2d=-1--1
RES
2b:b-dglc-HEX-1:5
3b:b-dman-HEX-1:5
4s:n-acetyl
5b:a-dgal-HEX-1:5
6b:a-dglc-HEX-1:5|6:a
7b:a-dglc-HEX-1:5
8s:n-acetyl
LIN
1:2o(4+1)3d
2:3d(2+1)4n
3:3o(3+1)5d
4:5o(3+1)6d
5:6o(4+1)7d
6:7d(2+1)8n

"
14	9N	533/62	9a, 9b, 9e	CR931647	CAI33011.1		CSDB	6202	_:taxon_Streptococcus_pneumoniae_9N	3669	-4)aDGlcpA(1-3)aDGlcp(1-3)[Ac(1-2)]bDManpN(1-4)bDGlcp(1-4)[Ac(1-2)]aDGlcpN(1-	WURCS=2.0/5,5,5/[a2122h-1a_1-5_2*NCC/3=O][a2122h-1b_1-5][a1122h-1b_1-5_2*NCC/3=O][a2122h-1a_1-5][a2122A-1a_1-5]/1-2-3-4-5/a1-e4~_a4-b1_b4-c1_c3-d1_d3-e1	"RES
1r:r1
REP
REP1:8o(4+1)2d=-1--1
RES
2b:a-dglc-HEX-1:5
3s:n-acetyl
4b:b-dglc-HEX-1:5
5b:b-dman-HEX-1:5
6s:n-acetyl
7b:a-dglc-HEX-1:5
8b:a-dglc-HEX-1:5|6:a
LIN
1:2d(2+1)3n
2:2o(4+1)4d
3:4o(4+1)5d
4:5d(2+1)6n
5:5o(3+1)7d
6:7o(3+1)8d

"
15	9V	980/68	9a, 9c, 9d, 9g	CR931648	CAI33029.1		CSDB	320	_:taxon_Streptococcus_pneumoniae_9V	5491	-4)[4%Ac(1-3),3%Ac(1-2)]aDGlcp(1-4)[25%Ac(1-3),17%Ac(1-2)]aDGlcpA(1-3)aDGalp(1-3)[55%Ac(1-6),6%Ac(1-4),Ac(1-2)]bDManpN(1-4)bDGlcp(1-	WURCS=2.0/5,5,5/[a2122h-1b_1-5][a1122h-1b_1-5_6%.55%*OCC/3=O_4%.06%*OCC/3=O_2*NCC/3=O][a2112h-1a_1-5][a2122A-1a_1-5_3%.25%*OCC/3=O_2%.17%*OCC/3=O][a2122h-1a_1-5_3%.04%*OCC/3=O_2%.03%*OCC/3=O]/1-2-3-4-5/a1-e4~_a4-b1_b3-c1_c3-d1_d4-e1	"RES
1r:r1
REP
REP1:9o(4+1)2d=-1--1
RES
2b:b-dglc-HEX-1:5
3b:b-dman-HEX-1:5
4s:n-acetyl
5b:a-dgal-HEX-1:5
6b:a-dglc-HEX-1:5|6:a
7s:acetyl
8s:acetyl
9b:a-dglc-HEX-1:5
10s:acetyl
11s:acetyl
12s:acetyl
13s:acetyl
LIN
1:2o(4+1)3d
2:3d(2+1)4n
3:3o(3+1)5d
4:5o(3+1)6d
5:6o(2+1)7n
6:6o(3+1)8n
7:6o(4+1)9d
8:9o(2+1)10n
9:9o(3+1)11n
10:3o(4+1)12n
11:3o(6+1)13n

"
16	10F	34355	10a, 10b	CR931652	CAI33105.1		CSDB	25477	_:taxon_Streptococcus_pneumoniae_10F	9603	-4)[bDGalf(1-6),Ac(1-2)]bDGalpN(1-3)aDGalp(1-2)xDRib-ol(5-P-6)bDGalf(1-3)bDGalp(1-	WURCS=2.0/5,6,6/[a2112h-1b_1-5][a2112h-1b_1-4][h222h][a2112h-1a_1-5][a2112h-1b_1-5_2*NCC/3=O]/1-2-3-4-5-2/a1-e4~_a3-b1_b6-c5*OPO*/3O/3=O_c2-d1_d3-e1_e6-f1	"RES
1r:r1
REP
REP1:7o(4+1)2d=-1--1
RES
2b:b-dgal-HEX-1:5
3b:b-dgal-HEX-1:4
4s:phosphate
5b:o-drib-PEN-0:0|1:aldi
6b:a-dgal-HEX-1:5
7b:b-dgal-HEX-1:5
8s:n-acetyl
9b:b-dgal-HEX-1:4
LIN
1:2o(3+1)3d
2:3o(6+1)4n
3:4n(1+5)5o
4:5o(2+1)6d
5:6o(3+1)7d
6:7d(2+1)8n
7:7o(6+1)9d

"
17	10A	10061/38	10a, 10c, 10d	CR931649	CAI33048.1		CSDB	7165	_:taxon_Streptococcus_pneumoniae_10A	935	-5)bDGalf(1-3)bDGalp(1-4)[bDGalp(1-6),bDGalf(1-3),Ac(1-2)]bDGalpN(1-3)aDGalp(1-2)xDRib-ol(5-P-	WURCS=2.0/5,7,7/[h222h][a2112h-1a_1-5][a2112h-1b_1-5_2*NCC/3=O][a2112h-1b_1-5][a2112h-1b_1-4]/1-2-3-4-4-5-5/a2-b1_a5-f5~*OPO*/3O/3=O_b3-c1_c3-g1_c4-e1_c6-d1_e3-f1	"RES
1r:r1
REP
REP1:9o(5+1)2n=-1--1
RES
2s:phosphate
3b:o-drib-PEN-0:0|1:aldi
4b:a-dgal-HEX-1:5
5b:b-dgal-HEX-1:5
6s:n-acetyl
7b:b-dgal-HEX-1:4
8b:b-dgal-HEX-1:5
9b:b-dgal-HEX-1:4
10b:b-dgal-HEX-1:5
LIN
1:2n(1+5)3o
2:3o(2+1)4d
3:4o(3+1)5d
4:5d(2+1)6n
5:5o(3+1)7d
6:5o(4+1)8d
7:8o(3+1)9d
8:5o(6+1)10d

"
18	10B	423/82	10a, 10b, 10c, 10d, 10e	CR931650	CAI34733.1	Not available at the time of the paper	CSDB	31022	_:taxon_Streptococcus_pneumoniae_10B	12606	-5)bDGalf(1-3)bDGalp(1-4)[bDGalf(1-3),Ac(1-2)]bDGalpN(1-3)aDGalp(1-4)xDRib-ol(5-P-	WURCS=2.0/5,6,6/[h222h][a2112h-1a_1-5][a2112h-1b_1-5_2*NCC/3=O][a2112h-1b_1-5][a2112h-1b_1-4]/1-2-3-4-5-5/a4-b1_a5-e5~*OPO*/3O/3=O_b3-c1_c3-f1_c4-d1_d3-e1	"RES
1r:r1
REP
REP1:9o(5+1)2n=-1--1
RES
2s:phosphate
3b:o-drib-PEN-0:0|1:aldi
4b:a-dgal-HEX-1:5
5b:b-dgal-HEX-1:5
6s:n-acetyl
7b:b-dgal-HEX-1:4
8b:b-dgal-HEX-1:5
9b:b-dgal-HEX-1:4
LIN
1:2n(1+5)3o
2:3o(4+1)4d
3:4o(3+1)5d
4:5d(2+1)6n
5:5o(3+1)7d
6:5o(4+1)8d
7:8o(3+1)9d

"
19	10C	Gro Norge	10a, 10b, 10c, 10f	CR931651	CAI33084.1	Not available at the time of the paper	CSDB	31023	_:taxon_Streptococcus_pneumoniae_10C	12607	-5)bDGalf(1-3)bDGalp(1-4)[bDGalf(1-6),Ac(1-2)]bDGalpN(1-3)aDGalp(1-2)xDRib-ol(5-P-	WURCS=2.0/5,6,6/[h222h][a2112h-1a_1-5][a2112h-1b_1-5_2*NCC/3=O][a2112h-1b_1-4][a2112h-1b_1-5]/1-2-3-4-5-4/a2-b1_a5-f5~*OPO*/3O/3=O_b3-c1_c4-e1_c6-d1_e3-f1	"RES
1r:r1
REP
REP1:8o(5+1)2n=-1--1
RES
2s:phosphate
3b:o-drib-PEN-0:0|1:aldi
4b:a-dgal-HEX-1:5
5b:b-dgal-HEX-1:5
6s:n-acetyl
7b:b-dgal-HEX-1:5
8b:b-dgal-HEX-1:4
9b:b-dgal-HEX-1:4
LIN
1:2n(1+5)3o
2:3o(2+1)4d
3:4o(3+1)5d
4:5d(2+1)6n
5:5o(4+1)7d
6:7o(3+1)8d
7:5o(6+1)9d

"
20	11F	34356	11a, 11b, 11e,11g	CR931657	CAI33207.1		CSDB	112147	_:taxon_Streptococcus_pneumoniae_11F	5118	-3)bDGalp(1-4)bDGlcp(1-6)[50%Ac(1-3)x?Rib-ol(1-P-4),Ac(1-2)]aDGlcpN(1-4)[Ac(1-2)]aDGalp(1-	WURCS=2.0/5,5,5/[a2112h-1a_1-5_2*OCC/3=O][a2122h-1a_1-5_2*NCC/3=O][a2122h-1b_1-5][a2112h-1b_1-5][h444h_3%.50%*OCC/3=O]/1-2-3-4-5/a1-d3~_a4-b1_b4-e1*OPO*/3O/3=O_b6-c1_c4-d1	"RES
1r:r1
REP
REP1:10o(3+1)2d=-1--1
RES
2b:a-dgal-HEX-1:5
3s:acetyl
4b:a-dglc-HEX-1:5
5s:n-acetyl
6s:phosphate
7b:o-xrib-PEN-0:0|1:aldi
8s:acetyl
9b:b-dglc-HEX-1:5
10b:b-dgal-HEX-1:5
LIN
1:2o(2+1)3n
2:2o(4+1)4d
3:4d(2+1)5n
4:4o(4+1)6n
5:6n(1+1)7o
6:7o(3+1)8n
7:4o(6+1)9d
8:9o(4+1)10d

"
21	11A	1813/39	11a, 11c, 11d,11e	CR931653	CAI33128.1		CSDB	112143	_:taxon_Streptococcus_pneumoniae_11A	5114	"-3)bDGalp(1-4)aDGlcp(1-6)[x?Gro(1-P-4),&lt;&lt;Ac(1-3)|Ac(1-2)>>]aDGlcp(1-4)aDGalp(1-"	WURCS=2.0/5,5,5/[a2112h-1a_1-5][a2122h-1a_1-5_2*OCC/3=O][a2122h-1a_1-5][a2112h-1b_1-5][h4h]/1-2-3-4-5/a1-d3~_a4-b1_b4-e1*OPO*/3O/3=O_b6-c1_c4-d1	"RES
1r:r1
REP
REP1:8o(3+1)2d=-1--1
RES
2b:a-dgal-HEX-1:5
3b:a-dglc-HEX-1:5
4s:acetyl
5s:phosphate
6b:o-xgro-TRI-0:0|1:aldi
7b:a-dglc-HEX-1:5
8b:b-dgal-HEX-1:5
LIN
1:2o(4+1)3d
2:3o(2+1)4n
3:3o(4+1)5n
4:5n(1+1)6o
5:3o(6+1)7d
6:7o(4+1)8d

"
22	11B	8087/40	11a, 11b, 11f, 11g	CR931654	CAI33149.1		CSDB	112144	_:taxon_Streptococcus_pneumoniae_11B	5115	-3)bDGalp(1-4)bDGlcp(1-6)[x?Rib-ol(1-P-4),Ac(1-3),Ac(1-2)]aDGlcpN(1-4)aDGalp(1-	WURCS=2.0/5,5,5/[a2112h-1a_1-5][a2122h-1a_1-5_3*OCC/3=O_2*NCC/3=O][a2122h-1b_1-5][a2112h-1b_1-5][h444h]/1-2-3-4-5/a1-d3~_a4-b1_b4-e1*OPO*/3O/3=O_b6-c1_c4-d1	"RES
1r:r1
REP
REP1:9o(3+1)2d=-1--1
RES
2b:a-dgal-HEX-1:5
3b:a-dglc-HEX-1:5
4s:n-acetyl
5s:acetyl
6s:phosphate
7b:o-xrib-PEN-0:0|1:aldi
8b:b-dglc-HEX-1:5
9b:b-dgal-HEX-1:5
LIN
1:2o(4+1)3d
2:3d(2+1)4n
3:3o(3+1)5n
4:3o(4+1)6n
5:6n(1+1)7o
6:3o(6+1)8d
7:8o(4+1)9d

"
23	11C	Eddy nr. 53	11a, 11b, 11c,11d, 11f	CR931655	CAI33169.1		CSDB	112145	_:taxon_Streptococcus_pneumoniae_11C	5116	-3)bDGalp(1-4)bDGlcp(1-6)[x?Gro(1-P-4),Ac(1-3),Ac(1-2)]aDGlcpN(1-4)aDGalp(1-	WURCS=2.0/5,5,5/[a2112h-1a_1-5][a2122h-1a_1-5_3*OCC/3=O_2*NCC/3=O][a2122h-1b_1-5][a2112h-1b_1-5][h4h]/1-2-3-4-5/a1-d3~_a4-b1_b4-e1*OPO*/3O/3=O_b6-c1_c4-d1	"RES
1r:r1
REP
REP1:9o(3+1)2d=-1--1
RES
2b:a-dgal-HEX-1:5
3b:a-dglc-HEX-1:5
4s:n-acetyl
5s:acetyl
6s:phosphate
7b:o-xgro-TRI-0:0|1:aldi
8b:b-dglc-HEX-1:5
9b:b-dgal-HEX-1:5
LIN
1:2o(4+1)3d
2:3d(2+1)4n
3:3o(3+1)5n
4:3o(4+1)6n
5:6n(1+1)7o
6:3o(6+1)8d
7:8o(4+1)9d

"
24	11D	70/86	11a, 11b, 11c,11e	CR931656	CAI33188.1	Not available at the time of the paper	CSDB	29301	_:taxon_Streptococcus_pneumoniae_11D	11836	-6)[x?Gro(1-P-4),Ac(1-2)]aDGlcpN(1-4)aDGalp(1-3)bDGalp(1-4)bDGlcp(1-	WURCS=2.0/5,5,5/[a2122h-1b_1-5][a2112h-1b_1-5][a2112h-1a_1-5][a2122h-1a_1-5_2*NCC/3=O][h4h]/1-2-3-4-5/a1-d6~_a4-b1_b3-c1_c4-d1_d4-e1*OPO*/3O/3=O	"RES
1r:r1
REP
REP1:5o(6+1)2d=-1--1
RES
2b:b-dglc-HEX-1:5
3b:b-dgal-HEX-1:5
4b:a-dgal-HEX-1:5
5b:a-dglc-HEX-1:5
6s:n-acetyl
7s:phosphate
8b:o-xgro-TRI-0:0|1:aldi
LIN
1:2o(4+1)3d
2:3o(3+1)4d
3:4o(4+1)5d
4:5d(2+1)6n
5:5o(4+1)7n
6:7n(1+1)8o

"
25	12F	6312	12a, 12b, 12d	CR931660	CAI33278.1		CSDB	6405	_:taxon_Streptococcus_pneumoniae_12F	3674	-4)[aDGalp(1-3),Ac(1-2)]aLFucpN(1-3)[Ac(1-2)]bDGalpN(1-4)[aDGlcp(1-2)aDGlcp(1-3),Ac(1-2)]bDManpNA(1-	WURCS=2.0/5,6,6/[a1122A-1b_1-5_2*NCC/3=O][a2112h-1b_1-5_2*NCC/3=O][a1221m-1a_1-5_2*NCC/3=O][a2112h-1a_1-5][a2122h-1a_1-5]/1-2-3-4-5-5/a1-c4~_a3-e1_a4-b1_b3-c1_c3-d1_e2-f1	"RES
1r:r1
REP
REP1:8o(4+1)2d=-1--1
RES
2b:b-dman-HEX-1:5|6:a
3s:n-acetyl
4b:a-dglc-HEX-1:5
5b:a-dglc-HEX-1:5
6b:b-dgal-HEX-1:5
7s:n-acetyl
8b:a-lgal-HEX-1:5|6:d
9s:n-acetyl
10b:a-dgal-HEX-1:5
LIN
1:2d(2+1)3n
2:2o(3+1)4d
3:4o(2+1)5d
4:2o(4+1)6d
5:6d(2+1)7n
6:6o(3+1)8d
7:8d(2+1)9n
8:8o(3+1)10d

"
26	12A	559/66	12a, 12c, 12d	CR931658	CAI33226.1		CSDB	113830	_:taxon_Streptococcus_pneumoniae_12A	3674	-4)[aDGalp(1-3),Ac(1-2)]aLFucpN(1-3)[Ac(1-2)]bDGalpN(1-4)[aDGlcp(1-2)aDGlcp(1-3),Ac(1-2)]bDManpNA(1-	WURCS=2.0/5,6,6/[a1122A-1b_1-5_2*NCC/3=O][a2112h-1b_1-5_2*NCC/3=O][a1221m-1a_1-5_2*NCC/3=O][a2112h-1a_1-5][a2122h-1a_1-5]/1-2-3-4-5-5/a1-c4~_a3-e1_a4-b1_b3-c1_c3-d1_e2-f1	"RES
1r:r1
REP
REP1:8o(4+1)2d=-1--1
RES
2b:b-dman-HEX-1:5|6:a
3s:n-acetyl
4b:a-dglc-HEX-1:5
5b:a-dglc-HEX-1:5
6b:b-dgal-HEX-1:5
7s:n-acetyl
8b:a-lgal-HEX-1:5|6:d
9s:n-acetyl
10b:a-dgal-HEX-1:5
LIN
1:2d(2+1)3n
2:2o(3+1)4d
3:4o(2+1)5d
4:2o(4+1)6d
5:6d(2+1)7n
6:6o(3+1)8d
7:8d(2+1)9n
8:8o(3+1)10d

"
27	12B	Gambia 1/81	12a, 12b, 12c, 12e	CR931659	CAI33252.1								
28	13	34357	13a, 13b	CR931661	CAI33309.1		CSDB	31033	_:taxon_Streptococcus_pneumoniae_13	12614	-4)bDGalp(1-4)[Ac(1-3),Ac(1-2)]bDGlcp(1-3)bDGalf(1-4)[Ac(1-2)]bDGlcpN(1-2)xDRib-ol(5-P-	WURCS=2.0/5,5,5/[h222h][a2122h-1b_1-5_2*NCC/3=O][a2112h-1b_1-4][a2122h-1b_1-5_3*OCC/3=O_2*OCC/3=O][a2112h-1b_1-5]/1-2-3-4-5/a2-b1_a5-e4~*OPO*/3O/3=O_b4-c1_c3-d1_d4-e1	"RES
1r:r1
REP
REP1:10o(4+1)2n=-1--1
RES
2s:phosphate
3b:o-drib-PEN-0:0|1:aldi
4b:b-dglc-HEX-1:5
5s:n-acetyl
6b:b-dgal-HEX-1:4
7b:b-dglc-HEX-1:5
8s:acetyl
9s:acetyl
10b:b-dgal-HEX-1:5
LIN
1:2n(1+5)3o
2:3o(2+1)4d
3:4d(2+1)5n
4:4o(4+1)6d
5:6o(3+1)7d
6:7o(2+1)8n
7:7o(3+1)9n
8:7o(4+1)10d

"
29	14	34359	14a	CR931662	CAI33324.1		CSDB	5348	_:taxon_Streptococcus_pneumoniae_14	118	-4)bDGlcp(1-6)[bDGalp(1-4),Ac(1-2)]bDGlcpN(1-3)bDGalp(1-	WURCS=2.0/3,4,4/[a2112h-1b_1-5][a2122h-1b_1-5_2*NCC/3=O][a2122h-1b_1-5]/1-2-3-1/a1-c4~_a3-b1_b4-d1_b6-c1	"RES
1r:r1
REP
REP1:6o(4+1)2d=-1--1
RES
2b:b-dgal-HEX-1:5
3b:b-dglc-HEX-1:5
4s:n-acetyl
5b:b-dgal-HEX-1:5
6b:b-dglc-HEX-1:5
LIN
1:2o(3+1)3d
2:3d(2+1)4n
3:3o(4+1)5d
4:3o(6+1)6d

"
30	15F	688/63	15a, 15b, 15c,15f	CR931666	CAI33412.1		CSDB	31035	_:taxon_Streptococcus_pneumoniae_15F	12615	-3)aDGalp(1-2)[P-3)]bDGalp(1-4)[Ac(1-2)]bDGlcpN(1-3)bDGalp(1-4)bDGlcp(1-	WURCS=2.0/5,5,5/[a2122h-1b_1-5][a2112h-1b_1-5][a2122h-1b_1-5_2*NCC/3=O][a2112h-1b_1-5_3*OPO/3O/3=O][a2112h-1a_1-5]/1-2-3-4-5/a1-e3~_a4-b1_b3-c1_c4-d1_d2-e1	"RES
1r:r1
REP
REP1:7o(3+1)2d=-1--1
RES
2b:b-dglc-HEX-1:5
3b:b-dgal-HEX-1:5
4b:b-dglc-HEX-1:5
5s:n-acetyl
6b:b-dgal-HEX-1:5
7b:a-dgal-HEX-1:5
8s:phosphate
LIN
1:2o(4+1)3d
2:3o(3+1)4d
3:4d(2+1)5n
4:4o(4+1)6d
5:6o(2+1)7d
6:6o(3+1)8n


"
31	15A	389/39	15a, 15c, 15d,15g	CR931663	CAI33343.1		CSDB	31036	_:taxon_Streptococcus_pneumoniae_15A	12616	-3)aDGalp(1-2)[70%x?Gro(2-P-3)]bDGalp(1-4)[Ac(1-2)]bDGlcpN(1-3)bDGalp(1-4)bDGlcp(1-	WURCS=2.0/5,6,6/[a2122h-1b_1-5][a2112h-1b_1-5][a2122h-1b_1-5_2*NCC/3=O][h4h][a2112h-1a_1-5]/1-2-3-2-4-5/a1-f3~_a4-b1_b3-c1_c4-d1_d2-f1_d3-e2*OPO*/3O/3=O	"RES
1r:r1
REP
REP1:7o(3+1)2d=-1--1
RES
2b:b-dglc-HEX-1:5
3b:b-dgal-HEX-1:5
4b:b-dglc-HEX-1:5
5s:n-acetyl
6b:b-dgal-HEX-1:5
7b:a-dgal-HEX-1:5
8s:phosphate
9b:o-xgro-TRI-0:0|1:aldi
LIN
1:2o(4+1)3d
2:3o(3+1)4d
3:4d(2+1)5n
4:4o(4+1)6d
5:6o(2+1)7d
6:6o(3+1)8n
7:8n(1+2)9o

"
32	15B	7904/39	15a, 15b, 15d,15e, 15h	CR931664	CAI33366.1		CSDB	5272	_:taxon_Streptococcus_pneumoniae_15B	418	-6)[%Ac(1-2)[%Ac(1-6),%Ac(1-4),%Ac(1-3)]aDGalp(1-2)[x?Gro(2-P-3)]bDGalp(1-4),Ac(1-2)]bDGlcpN(1-3)bDGalp(1-4)bDGlcp(1-	WURCS=2.0/5,6,6/[a2122h-1b_1-5][a2112h-1b_1-5][a2122h-1b_1-5_2*NCC/3=O][h4h][a2112h-1a_1-5_6%?%*OCC/3=O_4%?%*OCC/3=O_3%?%*OCC/3=O_2%?%*OCC/3=O]/1-2-3-2-4-5/a1-c6~_a4-b1_b3-c1_c4-d1_d2-f1_d3-e2*OPO*/3O/3=O	"RES
1r:r1
REP
REP1:4o(6+1)2d=-1--1
RES
2b:b-dglc-HEX-1:5
3b:b-dgal-HEX-1:5
4b:b-dglc-HEX-1:5
5s:n-acetyl
6b:b-dgal-HEX-1:5
7b:a-dgal-HEX-1:5
8s:acetyl
9s:acetyl
10s:acetyl
11s:acetyl
12s:phosphate
13b:o-xgro-TRI-0:0|1:aldi
LIN
1:2o(4+1)3d
2:3o(3+1)4d
3:4d(2+1)5n
4:4o(4+1)6d
5:6o(2+1)7d
6:7o(2+1)8n
7:7o(3+1)9n
8:7o(4+1)10n
9:7o(6+1)11n
10:6o(3+1)12n
11:12n(1+2)13o

"
33	15C	553/62	15a, 15d, 15e	CR931665	CAI33389.1		CSDB	22620	_:organism_Streptococcus_pneumoniae_15C	7972	-3)bDGalp(1-4)bDGlcp(1-6)[aDGalp(1-2)[x?Gro(2-P-3)]bDGalp(1-4),Ac(1-2)]bDGlcpN(1-	WURCS=2.0/5,6,6/[a2122h-1b_1-5_2*NCC/3=O][a2122h-1b_1-5][a2112h-1b_1-5][h4h][a2112h-1a_1-5]/1-2-3-3-4-5/a1-c3~_a4-d1_a6-b1_b4-c1_d2-f1_d3-e2*OPO*/3O/3=O	"RES
1r:r1
REP
REP1:9o(3+1)2d=-1--1
RES
2b:b-dglc-HEX-1:5
3s:n-acetyl
4b:b-dgal-HEX-1:5
5b:a-dgal-HEX-1:5
6s:phosphate
7b:o-xgro-TRI-0:0|1:aldi
8b:b-dglc-HEX-1:5
9b:b-dgal-HEX-1:5
LIN
1:2d(2+1)3n
2:2o(4+1)4d
3:4o(2+1)5d
4:4o(3+1)6n
5:6n(1+2)7o
6:2o(6+1)8d
7:8o(4+1)9d

"
34	16F	nr. 34361	16a, 16b, 11d	CR931668	CAI33466.1		CSDB	1062	_:taxon_Streptococcus_pneumoniae_16F	14364	-3)[x?Gro(1-P-4)]aLRhap(1-3)[x?Gro(1-P-6)]aDGlcp(1-3)[Ac(1-2)]bLRhap(1-4)bDGlcp(1-	WURCS=2.0/5,6,6/[a2122h-1b_1-5][a2211m-1b_1-5_2*OCC/3=O][a2122h-1a_1-5][h4h][a2211m-1a_1-5]/1-2-3-4-5-4/a1-e3~_a4-b1_b3-c1_c3-e1_c6-d1*OPO*/3O/3=O_e4-f1*OPO*/3O/3=O	"RES
1r:r1
REP
REP1:6o(3+1)2d=-1--1
RES
2b:b-dglc-HEX-1:5
3b:b-lman-HEX-1:5|6:d
4s:acetyl
5b:a-dglc-HEX-1:5
6b:a-lman-HEX-1:5|6:d
7s:phosphate
8b:o-xgro-TRI-0:0|1:aldi
9s:phosphate
10b:o-xgro-TRI-0:0|1:aldi
LIN
1:2o(4+1)3d
2:3o(2+1)4n
3:3o(3+1)5d
4:5o(3+1)6d
5:6o(4+1)7n
6:7n(1+1)8o
7:5o(6+1)9n
8:9n(1+1)10o

"
35	16A	R105	16a, 16c	CR931667	CAI33441.1		CSDB	1491	_:taxon_Streptococcus_pneumoniae_16A	14368	-3)bDGalf(1-3)aLRhap(1-2)aLRhap(1-3)[x?Gro(1-P-6)]aDGalp(1-3)bDGalp(1-4)bDGlcp(1-	WURCS=2.0/6,7,7/[a2122h-1b_1-5][a2112h-1b_1-5][a2112h-1a_1-5][h4h][a2211m-1a_1-5][a2112h-1b_1-4]/1-2-3-4-5-5-6/a1-g3~_a4-b1_b3-c1_c3-e1_c6-d1*OPO*/3O/3=O_e2-f1_f3-g1	"RES
1r:r1
REP
REP1:7o(3+1)2d=-1--1
RES
2b:b-dglc-HEX-1:5
3b:b-dgal-HEX-1:5
4b:a-dgal-HEX-1:5
5b:a-lman-HEX-1:5|6:d
6b:a-lman-HEX-1:5|6:d
7b:b-dgal-HEX-1:4
8s:phosphate
9b:o-xgro-TRI-0:0|1:aldi
LIN
1:2o(4+1)3d
2:3o(3+1)4d
3:4o(3+1)5d
4:5o(2+1)6d
5:6o(3+1)7d
6:4o(6+1)8n
7:8n(1+1)9o

"
36	17F	Rose	17a, 17b	CR931670	CAI33515.1		CSDB	7517	_:taxon_Streptococcus_pneumoniae_17F	1054	-3)bLRhap(1-4)bDGlcp(1-3)aDGalp(1-3)[bDGalp(1-4),Ac(1-2)]bLRhap(1-4)aLRhap(1-2)xDAra-ol(1-P-	WURCS=2.0/7,7,7/[h122h][a2211m-1a_1-5][a2211m-1b_1-5_2*OCC/3=O][a2112h-1b_1-5][a2112h-1a_1-5][a2122h-1b_1-5][a2211m-1b_1-5]/1-2-3-4-5-6-7/a1-g3~*OPO*/3O/3=O_a2-b1_b4-c1_c3-e1_c4-d1_e3-f1_f4-g1	"RES
1r:r1
REP
REP1:9o(3+1)2n=-1--1
RES
2s:phosphate
3b:o-dara-PEN-0:0|1:aldi
4b:a-lman-HEX-1:5|6:d
5b:b-lman-HEX-1:5|6:d
6s:acetyl
7b:a-dgal-HEX-1:5
8b:b-dglc-HEX-1:5
9b:b-lman-HEX-1:5|6:d
10b:b-dgal-HEX-1:5
LIN
1:2n(1+1)3o
2:3o(2+1)4d
3:4o(4+1)5d
4:5o(2+1)6n
5:5o(3+1)7d
6:7o(3+1)8d
7:8o(4+1)9d
8:5o(4+1)10d

"
37	17A	nr. 4704	17a, 17c	CR931669	CAI33491.1		CSDB	113889	_:taxon_Streptococcus_pneumoniae_17A	5232	-3)bDGlcp(1-3)aDGalp(1-3)[bDGalp(1-4),Ac(1-2)]bLRhap(1-4)aLRhap(1-4)bDGlcpA(1-3)[aDGlcp(1-2)]bDGalf(1-	WURCS=2.0/8,8,8/[a2112h-1b_1-4][a2122A-1b_1-5][a2211m-1a_1-5][a2211m-1b_1-5_2*OCC/3=O][a2112h-1b_1-5][a2112h-1a_1-5][a2122h-1b_1-5][a2122h-1a_1-5]/1-2-3-4-5-6-7-8/a1-g3~_a2-h1_a3-b1_b4-c1_c4-d1_d3-f1_d4-e1_f3-g1	"RES
1r:r1
REP
REP1:9o(3+1)2d=-1--1
RES
2b:b-dgal-HEX-1:4
3b:a-dglc-HEX-1:5
4b:b-dglc-HEX-1:5|6:a
5b:a-lman-HEX-1:5|6:d
6b:b-lman-HEX-1:5|6:d
7s:acetyl
8b:a-dgal-HEX-1:5
9b:b-dglc-HEX-1:5
10b:b-dgal-HEX-1:5
LIN
1:2o(2+1)3d
2:2o(3+1)4d
3:4o(4+1)5d
4:5o(4+1)6d
5:6o(2+1)7n
6:6o(3+1)8d
7:8o(3+1)9d
8:6o(4+1)10d

"
38	18F	Gethens	18a, 18b, 18c, 18f	CR931674	CAI33610.1		CSDB	115209	_:taxon_Streptococcus_pneumoniae_18F	5353	-4)bDGlcp(1-4)[x?Gro(1-P-3),Ac(1-6)aDGlcp(1-2)]bDGalp(1-4)aDGlcp(1-3)[Ac(1-2)]bLRhap(1-	WURCS=2.0/6,6,6/[a2211m-1b_1-5_2*OCC/3=O][a2122h-1a_1-5][a2112h-1b_1-5][a2122h-1b_1-5][h4h][a2122h-1a_1-5_6*OCC/3=O]/1-2-3-4-5-6/a1-d4~_a3-b1_b4-c1_c2-f1_c3-e1*OPO*/3O/3=O_c4-d1	"RES
1r:r1
REP
REP1:10o(4+1)2d=-1--1
RES
2b:b-lman-HEX-1:5|6:d
3s:acetyl
4b:a-dglc-HEX-1:5
5b:b-dgal-HEX-1:5
6b:a-dglc-HEX-1:5
7s:acetyl
8s:phosphate
9b:o-xgro-TRI-0:0|1:aldi
10b:b-dglc-HEX-1:5
LIN
1:2o(2+1)3n
2:2o(3+1)4d
3:4o(4+1)5d
4:5o(2+1)6d
5:6o(6+1)7n
6:5o(3+1)8n
7:8n(1+1)9o
8:5o(4+1)10d

"
39	18A	8609/43	18a, 18b, 18d	CR931671	CAI33537.1		CSDB	31042	_:taxon_Streptococcus_pneumoniae_18A	12620	-4)bDGlcp(1-4)[xDGro(1-P-3),aDGlcp(1-2)]bDGalp(1-4)[Ac(1-2)]aDGlcpN(1-3)bLRhap(1-	WURCS=2.0/6,6,6/[a2211m-1b_1-5][a2122h-1a_1-5_2*NCC/3=O][a2112h-1b_1-5][a2122h-1b_1-5][h2h][a2122h-1a_1-5]/1-2-3-4-5-6/a1-d4~_a3-b1_b4-c1_c2-f1_c3-e1*OPO*/3O/3=O_c4-d1	"RES
1r:r1
REP
REP1:9o(4+1)2d=-1--1
RES
2b:b-lman-HEX-1:5|6:d
3b:a-dglc-HEX-1:5
4s:n-acetyl
5b:b-dgal-HEX-1:5
6b:a-dglc-HEX-1:5
7s:phosphate
8b:o-dgro-TRI-0:0|1:aldi
9b:b-dglc-HEX-1:5
LIN
1:2o(3+1)3d
2:3d(2+1)4n
3:3o(4+1)5d
4:5o(2+1)6d
5:5o(3+1)7n
6:7n(1+1)8o
7:5o(4+1)9d

"
40	18B	1033/41	18a, 18b, 18e, 18g	CR931672	CAI33561.1		CSDB	846	_:taxon_Streptococcus_pneumoniae_18B	2242	-4)bDGlcp(1-4)[xDGro(1-P-3),aDGlcp(1-2)]bDGalp(1-4)aDGlcp(1-3)bLRhap(1-	WURCS=2.0/5,6,6/[a2211m-1b_1-5][a2122h-1a_1-5][a2112h-1b_1-5][a2122h-1b_1-5][h2h]/1-2-3-4-5-2/a1-d4~_a3-b1_b4-c1_c2-f1_c3-e1*OPO*/3O/3=O_c4-d1	"RES
1r:r1
REP
REP1:8o(4+1)2d=-1--1
RES
2b:b-lman-HEX-1:5|6:d
3b:a-dglc-HEX-1:5
4b:b-dgal-HEX-1:5
5b:a-dglc-HEX-1:5
6s:phosphate
7b:o-dgro-TRI-0:0|1:aldi
8b:b-dglc-HEX-1:5
LIN
1:2o(3+1)3d
2:3o(4+1)4d
3:4o(2+1)5d
4:4o(3+1)6n
5:6n(1+1)7o
6:4o(4+1)8d

"
41	18C	4593/40	18a, 18b, 18c, 18e	CR931673	CAI33585.1		CSDB	9351	_:taxon_Streptococcus_pneumoniae_18C	1652	-4)bDGlcp(1-4)[xDGro(1-P-3),aDGlcp(1-2)]bDGalp(1-4)aDGlcp(1-3)aLRhap(1-	WURCS=2.0/5,6,6/[a2211m-1a_1-5][a2122h-1a_1-5][a2112h-1b_1-5][a2122h-1b_1-5][h2h]/1-2-3-4-5-2/a1-d4~_a3-b1_b4-c1_c2-f1_c3-e1*OPO*/3O/3=O_c4-d1	"RES
1r:r1
REP
REP1:8o(4+1)2d=-1--1
RES
2b:a-lman-HEX-1:5|6:d
3b:a-dglc-HEX-1:5
4b:b-dgal-HEX-1:5
5b:a-dglc-HEX-1:5
6s:phosphate
7b:o-dgro-TRI-0:0|1:aldi
8b:b-dglc-HEX-1:5
LIN
1:2o(3+1)3d
2:3o(4+1)4d
3:4o(2+1)5d
4:4o(3+1)6n
5:6n(1+1)7o
6:4o(4+1)8d

"
42	19F	485/61	19a, 19b, 19d	CR931678	CAI33700.1		CSDB	31513	_:taxon_Streptococcus_pneumoniae_19F	940	-4)[Ac(1-2)]bDManpN(1-4)aDGlcp(1-2)aLRhap(1-P-	WURCS=2.0/3,3,3/[a2211m-1a_1-5][a2122h-1a_1-5][a1122h-1b_1-5_2*NCC/3=O]/1-2-3/a1-c4~*OPO*/3O/3=O_a2-b1_b4-c1	"RES
1r:r1
REP
REP1:5o(4+1)2n=-1--1
RES
2s:phosphate
3b:a-lman-HEX-1:5|6:d
4b:a-dglc-HEX-1:5
5b:b-dman-HEX-1:5
6s:n-acetyl
LIN
1:2n(1+1)3o
2:3o(2+1)4d
3:4o(4+1)5d
4:5d(2+1)6n

"
43	19A	nr. 141/68	19a, 19c, 19d	CR931675	CAI33631.1		CSDB	7177	_:taxon_Streptococcus_pneumoniae_19A	939	-4)[Ac(1-2)]bDManpN(1-4)aDGlcp(1-3)aLRhap(1-P-	WURCS=2.0/3,3,3/[a2211m-1a_1-5][a2122h-1a_1-5][a1122h-1b_1-5_2*NCC/3=O]/1-2-3/a1-c4~*OPO*/3O/3=O_a3-b1_b4-c1	"RES
1r:r1
REP
REP1:5o(4+1)2n=-1--1
RES
2s:phosphate
3b:a-lman-HEX-1:5|6:d
4b:a-dglc-HEX-1:5
5b:b-dman-HEX-1:5
6s:n-acetyl
LIN
1:2n(1+1)3o
2:3o(3+1)4d
3:4o(4+1)5d
4:5d(2+1)6n

"
44	19B	nr. 4594	19a, 19c, 19e, 7h	CR931676	CAI33652.1		CSDB	21809	_:taxon_Streptococcus_pneumoniae_19B	7721	-4)[Ac(1-2)]bDManpN(1-4)bDGlcp(1-4)[bDRibf(1-4)aLRhap(1-3),Ac(1-2)]bDManpN(1-4)aLRhap(1-P-	WURCS=2.0/4,6,6/[a2211m-1a_1-5][a1122h-1b_1-5_2*NCC/3=O][a2122h-1b_1-5][a222h-1b_1-4]/1-2-3-2-1-4/a1-d4~*OPO*/3O/3=O_a4-b1_b3-e1_b4-c1_c4-d1_e4-f1	"RES
1r:r1
REP
REP1:9o(4+1)2n=-1--1
RES
2s:phosphate
3b:a-lman-HEX-1:5|6:d
4b:b-dman-HEX-1:5
5s:n-acetyl
6b:a-lman-HEX-1:5|6:d
7b:b-drib-PEN-1:4
8b:b-dglc-HEX-1:5
9b:b-dman-HEX-1:5
10s:n-acetyl
LIN
1:2n(1+1)3o
2:3o(4+1)4d
3:4d(2+1)5n
4:4o(3+1)6d
5:6o(4+1)7d
6:4o(4+1)8d
7:8o(4+1)9d
8:9d(2+1)10n

"
45	19C	7588/39	19a, 19c, 19f, 7h	CR931677	CAI33675.1		CSDB	21810	_:taxon_Streptococcus_pneumoniae_19C	7722	-4)[Ac(1-2)]bDManpN(1-4)bDGlcp(1-4)[bDGlcp(1-6),bDRibf(1-4)aLRhap(1-3),Ac(1-2)]bDManpN(1-4)aLRhap(1-P-	WURCS=2.0/4,7,7/[a2211m-1a_1-5][a1122h-1b_1-5_2*NCC/3=O][a2122h-1b_1-5][a222h-1b_1-4]/1-2-3-3-2-1-4/a1-e4~*OPO*/3O/3=O_a4-b1_b3-f1_b4-d1_b6-c1_d4-e1_f4-g1	"RES
1r:r1
REP
REP1:9o(4+1)2n=-1--1
RES
2s:phosphate
3b:a-lman-HEX-1:5|6:d
4b:b-dman-HEX-1:5
5s:n-acetyl
6b:a-lman-HEX-1:5|6:d
7b:b-drib-PEN-1:4
8b:b-dglc-HEX-1:5
9b:b-dman-HEX-1:5
10s:n-acetyl
11b:b-dglc-HEX-1:5
LIN
1:2n(1+1)3o
2:3o(4+1)4d
3:4d(2+1)5n
4:4o(3+1)6d
5:6o(4+1)7d
6:4o(4+1)8d
7:8o(4+1)9d
8:9d(2+1)10n
9:4o(6+1)11d

"
46	20	34365	20a, 20b, 7g	CR931679	CAI33718.1		CSDB	1928	_:taxon_Streptococcus_pneumoniae_20	30	-6)aDGlcp(1-6)bDGlcp(1-3)bDGalf(1-3)bDGlcp(1-3)[bDGalf(1-4),Ac(1-2)]aDGlcpN(1-P-	WURCS=2.0/4,6,6/[a2122h-1a_1-5_2*NCC/3=O][a2112h-1b_1-4][a2122h-1b_1-5][a2122h-1a_1-5]/1-2-3-2-3-4/a1-f6~*OPO*/3O/3=O_a3-c1_a4-b1_c3-d1_d3-e1_e6-f1	"RES
1r:r1
REP
REP1:8o(6+1)2n=-1--1
RES
2s:phosphate
3b:a-dglc-HEX-1:5
4s:n-acetyl
5b:b-dglc-HEX-1:5
6b:b-dgal-HEX-1:4
7b:b-dglc-HEX-1:5
8b:a-dglc-HEX-1:5
9b:b-dgal-HEX-1:4
LIN
1:2n(1+1)3o
2:3d(2+1)4n
3:3o(3+1)5d
4:5o(3+1)6d
5:6o(3+1)7d
6:7o(6+1)8d
7:3o(4+1)9d

"
47	21	546/62	21a	CR931680	CAI33745.1								
48	22F	1772/40	22a, 22b	CR931682	CAI33798.1		CSDB	7520	_:taxon_Streptococcus_pneumoniae_22F	1057	-4)bDGlcpA(1-4)[aDGlcp(1-3),Ac(1-2)]bLRhap(1-4)aDGlcp(1-3)aDGalf(1-2)aLRhap(1-	WURCS=2.0/5,6,6/[a2211m-1a_1-5][a2112h-1a_1-4][a2122h-1a_1-5][a2211m-1b_1-5_2*OCC/3=O][a2122A-1b_1-5]/1-2-3-4-5-3/a1-e4~_a2-b1_b3-c1_c4-d1_d3-f1_d4-e1	"RES
1r:r1
REP
REP1:8o(4+1)2d=-1--1
RES
2b:a-lman-HEX-1:5|6:d
3b:a-dgal-HEX-1:4
4b:a-dglc-HEX-1:5
5b:b-lman-HEX-1:5|6:d
6s:acetyl
7b:a-dglc-HEX-1:5
8b:b-dglc-HEX-1:5|6:a
LIN
1:2o(2+1)3d
2:3o(3+1)4d
3:4o(4+1)5d
4:5o(2+1)6n
5:5o(3+1)7d
6:5o(4+1)8d

"
49	22A	3405/39	22a, 22c	CR931681	CAI33774.1								
50	23F	Dr. Melchior	23a, 23b,18b	CR931685	CAI33862.1		CSDB	28718	_:taxon_Streptococcus_pneumoniae_type_23F	1041	-4)bDGlcp(1-4)[x?Gro(2-P-3),aLRhap(1-2)]bDGalp(1-4)bLRhap(1-	WURCS=2.0/5,5,5/[a2211m-1b_1-5][a2112h-1b_1-5][a2122h-1b_1-5][h4h][a2211m-1a_1-5]/1-2-3-4-5/a1-c4~_a4-b1_b2-e1_b3-d2*OPO*/3O/3=O_b4-c1	"RES
1r:r1
REP
REP1:7o(4+1)2d=-1--1
RES
2b:b-lman-HEX-1:5|6:d
3b:b-dgal-HEX-1:5
4b:a-lman-HEX-1:5|6:d
5s:phosphate
6b:o-xgro-TRI-0:0|1:aldi
7b:b-dglc-HEX-1:5
LIN
1:2o(4+1)3d
2:3o(2+1)4d
3:3o(3+1)5n
4:5n(1+2)6o
5:3o(4+1)7d

"
51	23A	1196/45	23a, 23c,15a	CR931683	CAI33817.1								
52	23B	1039/41	23a, 23b, 23d	CR931684	CAI33840.1	Not available at the time of the paper	CSDB	12222	_:taxon_Streptococcus_pneumoniae_23B	13199	-4)bDGlcp(1-4)[x?Gro(2-P-3)]bDGalp(1-4)bLRhap(1-	WURCS=2.0/4,4,4/[a2211m-1b_1-5][a2112h-1b_1-5][a2122h-1b_1-5][h4h]/1-2-3-4/a1-c4~_a4-b1_b3-d2*OPO*/3O/3=O_b4-c1	"RES
1r:r1
REP
REP1:6o(4+1)2d=-1--1
RES
2b:b-lman-HEX-1:5|6:d
3b:b-dgal-HEX-1:5
4s:phosphate
5b:o-xgro-TRI-0:0|1:aldi
6b:b-dglc-HEX-1:5
LIN
1:2o(4+1)3d
2:3o(3+1)4n
3:4n(1+2)5o
4:3o(4+1)6d

"
53	24F	24F L	24a, 24b, 24d, 7h	CR931688	CAI33941.1								
54	24A	2748/40	24a, 24c, 24d	CR931686	CAI33890.1								
55	24B	2236/42	24a, 24b, 24e, 7h	CR931687	CAI33915.1								
56	25F	601/62	25a, 25b	CR931690	CAI33983.1								
57	25A	tp 25/38, sp 65/81	25a, 25c, 38a	CR931689	CAI33966.2								
58	27	nr. 34371	27a, 27b	CR931691	CAI34008.1		CSDB	112167	_:taxon_Streptococcus_pneumoniae_27	6688	-3)[Ac(1-2)]bDGlcpN(1-3)aDGalp(1-4)[P-2)]bLRhap(1-4)bDGlcp(1-	"Error(s): WURCS modifier '1-5' is not starting with backbone locator(*), residue 0 (Glc); Anomeric position in WURCS is not 1 for aldo-residue 0 (Glc); WURCS modifier '1-5' is not starting with backbone locator(*), residue 1 (Rha); Anomeric position in WURCS is not 1 for aldo-residue 1 (Rha); WURCS modifier '1-5' is not starting with backbone locator(*), residue 4 (Gal); Anomeric position in WURCS is not 1 for aldo-residue 4 (Gal); WURCS modifier '1-5' is not starting with backbone locator(*), residue 5 (GlcN); Anomeric position in WURCS is not 1 for aldo-residue 5 (GlcN)"	Error: translator returned: Unable to read CSDB sequence : BCSDB007 : Unexpected character : await ')' at the end of a linkage
59	28F	34372	28a, 28b,16b, 23d	CR931693	CAI34057.2								
60	28A	1982/45	28a, 28c, 23d	CR931692	CAI34032.1								
61	29	34373	29a, 29b,13b	CR931694	CAI34080.1		CSDB	1227	_:taxon_Streptococcus_pneumoniae_29	3831	-4)[Ac(1-2)]bDGalpN(1-6)bDGalf(1-3)bDGalp(1-6)bDGalf(1-1)xDRib-ol(5-P-	WURCS=2.0/4,5,5/[h222h][a2112h-1b_1-4][a2112h-1b_1-5][a2112h-1b_1-5_2*NCC/3=O]/1-2-3-2-4/a1-b1_a5-e4~*OPO*/3O/3=O_b6-c1_c3-d1_d6-e1	"RES
1r:r1
REP
REP1:7o(4+1)2n=-1--1
RES
2s:phosphate
3b:o-drib-PEN-0:0|1:aldi
4b:b-dgal-HEX-1:4
5b:b-dgal-HEX-1:5
6b:b-dgal-HEX-1:4
7b:b-dgal-HEX-1:5
8s:n-acetyl
LIN
1:2n(1+5)3o
2:3o(1+1)4d
3:4o(6+1)5d
4:5o(3+1)6d
5:6o(6+1)7d
6:7d(2+1)8n

"
62	31	nr. 34374	31a, 20b	CR931695	CAI34099.1		CSDB	113903	_:taxon_Streptococcus_pneumoniae_31	5234	-2)bLRhap(1-3)bDGalf(1-3)bLRhap(1-4)bDGlcpA(1-3)bDGalf(1-	WURCS=2.0/3,5,5/[a2112h-1b_1-4][a2122A-1b_1-5][a2211m-1b_1-5]/1-2-3-1-3/a1-e2~_a3-b1_b4-c1_c3-d1_d3-e1	"RES
1r:r1
REP
REP1:6o(2+1)2d=-1--1
RES
2b:b-dgal-HEX-1:4
3b:b-dglc-HEX-1:5|6:a
4b:b-lman-HEX-1:5|6:d
5b:b-dgal-HEX-1:4
6b:b-lman-HEX-1:5|6:d
LIN
1:2o(3+1)3d
2:3o(4+1)4d
3:4o(3+1)5d
4:5o(3+1)6d

"
63	32F	nr. 34375	32a, 27b	CR931697	CAI34150.1		CSDB	848	_:taxon_Streptococcus_pneumoniae_32F	2244	-4)bDGlcp(1-3)[aLRhap(1-P-2)]aDGlcp(1-4)[P-3),Ac(1-2)]bLRhap(1-	WURCS=2.0/4,4,4/[a2211m-1b_1-5_3*OPO/3O/3=O_2*OCC/3=O][a2122h-1a_1-5][a2122h-1b_1-5][a2211m-1a_1-5]/1-2-3-4/a1-c4~_a4-b1_b2-d1*OPO*/3O/3=O_b3-c1	"RES
1r:r1
REP
REP1:8o(4+1)2d=-1--1
RES
2b:b-lman-HEX-1:5|6:d
3s:acetyl
4s:phosphate
5b:a-dglc-HEX-1:5
6s:phosphate
7b:a-lman-HEX-1:5|6:d
8b:b-dglc-HEX-1:5
LIN
1:2o(2+1)3n
2:2o(3+1)4n
3:2o(4+1)5d
4:5o(2+1)6n
5:6n(1+1)7o
6:5o(3+1)8d


"
64	32A	2813/41	32a, 32b, 27b	CR931696	CAI34124.1		CSDB	918	_:taxon_Streptococcus_pneumoniae_32A	2245	-4)bDGlcp(1-3)[Ac(1-4),aLRhap(1-P-2)]aDGlcp(1-4)[P-3),Ac(1-2)]bLRhap(1-	WURCS=2.0/4,4,4/[a2211m-1b_1-5_3*OPO/3O/3=O_2*OCC/3=O][a2122h-1a_1-5_4*OCC/3=O][a2122h-1b_1-5][a2211m-1a_1-5]/1-2-3-4/a1-c4~_a4-b1_b2-d1*OPO*/3O/3=O_b3-c1	"RES
1r:r1
REP
REP1:8o(4+1)2d=-1--1
RES
2b:b-lman-HEX-1:5|6:d
3s:acetyl
4s:phosphate
5b:a-dglc-HEX-1:5
6s:phosphate
7b:a-lman-HEX-1:5|6:d
8b:b-dglc-HEX-1:5
9s:acetyl
LIN
1:2o(2+1)3n
2:2o(3+1)4n
3:2o(4+1)5d
4:5o(2+1)6n
5:6n(1+1)7o
6:5o(3+1)8d
7:5o(4+1)9n


"
65	33F	3084/37	33a, 33b, 33d	CR931702	CAI34254.1		CSDB	7522	_:taxon_Streptococcus_pneumoniae_33F	1059	-3)bDGalp(1-3)[aDGalp(1-2)]aDGalp(1-3)[40%Ac(1-2)]bDGalf(1-3)bDGlcp(1-5)bDGalf(1-	WURCS=2.0/5,6,6/[a2112h-1b_1-4][a2122h-1b_1-5][a2112h-1b_1-4_2%.40%*OCC/3=O][a2112h-1a_1-5][a2112h-1b_1-5]/1-2-3-4-5-4/a1-e3~_a5-b1_b3-c1_c3-d1_d2-f1_d3-e1	"RES
1r:r1
REP
REP1:8o(3+1)2d=-1--1
RES
2b:b-dgal-HEX-1:4
3b:b-dglc-HEX-1:5
4b:b-dgal-HEX-1:4
5s:acetyl
6b:a-dgal-HEX-1:5
7b:a-dgal-HEX-1:5
8b:b-dgal-HEX-1:5
LIN
1:2o(5+1)3d
2:3o(3+1)4d
3:4o(2+1)5n
4:4o(3+1)6d
5:6o(2+1)7d
6:6o(3+1)8d

"
66	33A	Biehl	33a, 33b, 33d, 20b	CR931698	CAI34177.1								
67	33B	E294	33a, 33c, 33d, 33f	CR931699	CAI34198.1		CSDB	105915	_:taxon_Streptococcus_pneumoniae_33B	4638	-6)bDGlcp(1-5)bDGalf(1-3)[Ac(1-2)]bDGalpN(1-4)[aDGalp(1-2)]aDGalp(1-2)xDRib-ol(5-P-	WURCS=2.0/5,6,6/[h222h][a2112h-1a_1-5][a2112h-1b_1-5_2*NCC/3=O][a2112h-1b_1-4][a2122h-1b_1-5]/1-2-3-4-5-2/a2-b1_a5-e6~*OPO*/3O/3=O_b2-f1_b4-c1_c3-d1_d5-e1	"RES
1r:r1
REP
REP1:9o(6+1)2n=-1--1
RES
2s:phosphate
3b:o-drib-PEN-0:0|1:aldi
4b:a-dgal-HEX-1:5
5b:a-dgal-HEX-1:5
6b:b-dgal-HEX-1:5
7s:n-acetyl
8b:b-dgal-HEX-1:4
9b:b-dglc-HEX-1:5
LIN
1:2n(1+5)3o
2:3o(2+1)4d
3:4o(2+1)5d
4:4o(4+1)6d
5:6d(2+1)7n
6:6o(3+1)8d
7:8o(5+1)9d

"
68	33C	7098/41	33a, 33c, 33e	CR931700	CAI34217.1								
69	33D	CSF/79	33a, 33c, 33d, 33f, 6a	CR931701	CAI34236.1								
70	34	676/74	34a, 34b	CR931703	CAI34269.1		CSDB	31063	_:taxon_Streptococcus_pneumoniae_34	12626	-3)bDGalf(1-3)aDGlcp(1-2)[50%Ac(1-6)]bDGalf(1-3)aDGalp(1-2)xDRib-ol(5-P-	WURCS=2.0/5,5,5/[h222h][a2112h-1a_1-5][a2112h-1b_1-4_6%.50%*OCC/3=O][a2122h-1a_1-5][a2112h-1b_1-4]/1-2-3-4-5/a2-b1_a5-e3~*OPO*/3O/3=O_b3-c1_c2-d1_d3-e1	"RES
1r:r1
REP
REP1:7o(3+1)2n=-1--1
RES
2s:phosphate
3b:o-drib-PEN-0:0|1:aldi
4b:a-dgal-HEX-1:5
5b:b-dgal-HEX-1:4
6b:a-dglc-HEX-1:5
7b:b-dgal-HEX-1:4
8s:acetyl
LIN
1:2n(1+5)3o
2:3o(2+1)4d
3:4o(3+1)5d
4:5o(2+1)6d
5:6o(3+1)7d
6:5o(6+1)8n

"
71	35F	361/39	35a, 35b, 34b	CR931707	CAI34348.1								
72	35A	1936/39	35a, 35c, 20b	CR931704	CAI34286.1		CSDB	1611	_:taxon_Streptococcus_pneumoniae_35A	28	-3)bDGalp(1-3)[Ac(1-6),Ac(1-5)]bDGalf(1-3)bDGlcp(1-6)[Ac(1-2)]bDGalf(1-1)xDMan-ol(6-P-	WURCS=2.0/5,5,5/[h1122h][a2112h-1b_1-4_2*OCC/3=O][a2122h-1b_1-5][a2112h-1b_1-4_6*OCC/3=O_5*OCC/3=O][a2112h-1b_1-5]/1-2-3-4-5/a1-b1_a6-e3~*OPO*/3O/3=O_b6-c1_c3-d1_d3-e1	"RES
1r:r1
REP
REP1:8o(3+1)2n=-1--1
RES
2s:phosphate
3b:o-dman-HEX-0:0|1:aldi
4b:b-dgal-HEX-1:4
5s:acetyl
6b:b-dglc-HEX-1:5
7b:b-dgal-HEX-1:4
8b:b-dgal-HEX-1:5
9s:acetyl
10s:acetyl
LIN
1:2n(1+6)3o
2:3o(1+1)4d
3:4o(2+1)5n
4:4o(6+1)6d
5:6o(3+1)7d
6:7o(3+1)8d
7:7o(5+1)9n
8:7o(6+1)10n

"
73	35B	4356/39	35a, 35c, 29b	CR931705	CAI34310.1		CSDB	1609	_:taxon_Streptococcus_pneumoniae_35B	19	-4)[Ac(1-2)]bDGalpN(1-6)bDGalf(1-3)bDGlcp(1-6)[70%Ac(1-2)]bDGalf(1-1)xDRib-ol(5-P-	WURCS=2.0/5,5,5/[h222h][a2112h-1b_1-4_2%.70%*OCC/3=O][a2122h-1b_1-5][a2112h-1b_1-4][a2112h-1b_1-5_2*NCC/3=O]/1-2-3-4-5/a1-b1_a5-e4~*OPO*/3O/3=O_b6-c1_c3-d1_d6-e1	"RES
1r:r1
REP
REP1:8o(4+1)2n=-1--1
RES
2s:phosphate
3b:o-drib-PEN-0:0|1:aldi
4b:b-dgal-HEX-1:4
5s:acetyl
6b:b-dglc-HEX-1:5
7b:b-dgal-HEX-1:4
8b:b-dgal-HEX-1:5
9s:n-acetyl
LIN
1:2n(1+5)3o
2:3o(1+1)4d
3:4o(2+1)5n
4:4o(6+1)6d
5:6o(3+1)7d
6:7o(6+1)8d
7:8d(2+1)9n

"
74	35C	7765/43	35a, 35c, 20b, 42a	CR931706	CAI34328.1								
75	36	1095/39	36a, 9e	CR931708	CAI34369.1								
76	37	264/3	37a	CR931709	CAI34388.1								
77	38	9687/39	38a, 25b	CR931710	CAI34407.1								
78	39	203/40	39a, 10d	CR931711	CAI34436.1								
79	40	Coleman	40a, 7g, 7h	CR931712	CAI34454.1								
80	41F	8211/40	41a, 41b	CR931714	CAI34498.1								
81	41A	6803	41a	CR931713	CAI34475.1								
82	42	198/71	42a, 20b, 35c	CR931715	CAI34519.1								
83	43	2427/48	43a, 43b	CR931716	CAI34544.1								
84	44	Hammer	44a, 44b, 12b, 12d	CR931717	CAI34753.1								
85	45	Eddy nr. 72	45a	CR931718	CAI34587.1		CSDB	107393	_:taxon_Streptococcus_pneumoniae_45	4687	-3)[aDGalp(1-6)]aDGalp(1-3)[Ac(1-2)[x?Gro(1-P-6)]bDGlcpN(1-4),Ac(1-2)]aLFucpN(1-3)[Ac(1-2)]bDGalpN(1-2)aLRhap(1-	WURCS=2.0/6,7,7/[a2211m-1a_1-5][a2112h-1b_1-5_2*NCC/3=O][a1221m-1a_1-5_2*NCC/3=O][a2122h-1b_1-5_2*NCC/3=O][h4h][a2112h-1a_1-5]/1-2-3-4-5-6-6/a1-f3~_a2-b1_b3-c1_c3-f1_c4-d1_d6-e1*OPO*/3O/3=O_f6-g1	"RES
1r:r1
REP
REP1:7o(3+1)2d=-1--1
RES
2b:a-lman-HEX-1:5|6:d
3b:b-dgal-HEX-1:5
4s:n-acetyl
5b:a-lgal-HEX-1:5|6:d
6s:n-acetyl
7b:a-dgal-HEX-1:5
8b:a-dgal-HEX-1:5
9b:b-dglc-HEX-1:5
10s:n-acetyl
11s:phosphate
12b:o-xgro-TRI-0:0|1:aldi
LIN
1:2o(2+1)3d
2:3d(2+1)4n
3:3o(3+1)5d
4:5d(2+1)6n
5:5o(3+1)7d
6:7o(6+1)8d
7:5o(4+1)9d
8:9d(2+1)10n
9:9o(6+1)11n
10:11n(1+1)12o

"
86	46	Eddy nr. 73	46a, 12c, 44b	CR931719	CAI34613.1								
87	47F	Eddy nr. 52	47a, 35a, 35b	CR931721	CAI34657.1								
88	47A	L351	47a, 43b	CR931720	CAI34641.1								
89	48	656/63	48a	CR931722	CAI34680.1								