protein_accession	organism	operon_accession	protein_seq
AAC45851.1	Pseudomonas aeruginosa PAO1	PAU50396	RDIEQRIQNLRRECQGRREDRIVQLKEALKVAGALKLEEPPLISGQSSEELSAIMNGSLMYMRGSKAIMAEIQTLEARSSDDPFIPALRTLQEQQLLLSSLRVNSERVSVFRQDGPIETPDSPVRPRRAMILIFGLIIGGVLGGFLALCRIFLKKYAR
AAD50495.1	Escherichia coli	AF172324	MRVENNNVSGQNHDPEQIDLIDLLVQLWRGKMTIIISVIVAIALAIGYLAVAKEKWTSTAIVTQPDVGQIAGYNNAINVIYGSAAPKVSEI
CAB63305.1	Yersinia pseudotuberculosis str. PA3606	AJ251712	MSNKQARNNLDNPMPNNYDFSNVSSSRNEIDLFEIFGVVFKSKFKIILITLFFLISGLVVSYILPQKWTSTAIIALPGDEQVQVLDELITNLTVLDIKVDVSANYLLSTFKQNFDSQDLREQYLVNTNYFKRLMKNNPEDGLDKRALIERIVNENISSVNPLKDKTEGENEYRYYKLSYSASTPTDARDLLQGSINYVNTIVNADVFRKIQRAVDLAKGIGTDKYSMELLKARNNQKVKIERLRYASSIADAAGVKKPVYSNGSAISDDPDFPITMGSDALNRKLEIEKSVIDLASINTELLNRKLYLDKLNRLEIPNVNIVPFKYLQQPTEPTKRDAPKRALIVILFALVGLMGSVGFVLVEHFVRERKREEEGLKLSQTKE
AAN23049.1	Yersinia pseudotuberculosis	AF461768	MSNKQARSNLDSPIPNNYDFSNVSSSRNEIDLFEIFGVVFKSKFKIILITLFFLISGLVVSYILPQKWTSTAIIALPGDEQVQVLDELITNLTVLDIKVDVSANYLLSTFKQNFDSQDLREQYLVNTNYFKRLMKNNPEDGLDKRALIERIVNENISSVNPLKDKTEGENEYRYYKLSYSASTPTDARDLLQGSINYVNTIVNADVFRKIQRAVDLAKGIGTDKYSMELLKARNNQKVKIERLRYASSIADAAGVKKPVYSNGSAISDDPDFPITMGSDALNRKLEIEKSVIDLASINTELLNRKLYLDKLNRLEIPNVNIVPFKYLQQPTEPTKRDAPKRALIVILFALVGLMGSVGFVLVEHFVRERKREEEGLKLSQTKE
AAN23065.1	Yersinia pseudotuberculosis	AF461769	MSNKQARNNLDNPMPNNYDFSNVSSSRNEIDLFEIFGVVFKSKFKIILITLFFLISGLVVSYILPQKWTSTAIIALPGDEQVQVLDELITNLTVLDIKVDVSANYLLSTFKQNFDSQDLREQYLVNTNYFKRLMKNNPEDGLDKRALIERIVNENISSVNPLKDKTEGENEYRYYKLSYSASTPTDARDLLQGSINYVNTIVNADVFRKIQRAVDLAKGIGTDKYSMELLKARNNQKVKIERLRYASSIADAAGVKKPVYSNGSAISDDPDFPITMGSDALNRKLEIEKSVIDLASINTELLNRKLYLDKLNRLEIPNVNIVPFKYLQQPTEPTKRDAPKRALIVILFALVGLMGSVGFVLVEHFVRERKREEEGLKLSQTKE
AAN23077.1	Yersinia pseudotuberculosis	AF461770	MSNKQARNNLDNPMPNNYDFSNVSSSRNEIDLFEIFGVVFKSKFKIILITLFFLISGLVVSYILPQKWTSTAIIALPGDEQVQVLDELITNLTVLDIKVDVSANYLLSTFKQNFDSQDLREQYLVNTNYFKRLMKNNPEDGLDKRALIERIVNENISSVNPLKDKTEGENEYRYYKLSYSASTPTDARDLLQGSINYVNTIVNADVFRKIQRAVDLAKGIGTDKYSMELLKARNNQKVKIERLRYASSIADAAGVKKPVYSNGSAISDDPDFPITMGSDALNRKLEIEKSVIDLASINTELLNRKLYLDKLNRLEIPNVNIVPFKYLQQPTEPTKRDAPKRALIVILFALVGLMGSVGFVLVEHFVRERKREEEGLKLSQTKE
AAO37722.1	Escherichia coli	AY220982	MRTWKFPSVRVMMRVENNNVSGQNHDPEQIDLIDLLVQLWRGKMTIIISVIVAIALAIGYLAVAKEKWTSTAIITQPDVGQIAGYNNAMNVIYGQAAPKVSDLQETLIGRFSSAFSALAETLDNQEEPEKLTIEPSVKNQQLPLTVSYVGQTAEGAQMKLAQYIQQVDDKVNQELEKDLKDNIALGRKNLQDSLRTQEVVAQEQKELRIRQIQEALQYANQAQVAKPQVQQTEDVTQDTLFLLGSEALESMIKHEATRPLVFSPNYYQTRQNLLDIENLKVDDLDIHAYRYVMKPTLPIRRDSPKKAITLILAVLLGGMVGAGIVLGRNALRNYNAK
AAO37705.1	Escherichia coli	AY217096	MRTWKFPSVRVMMRVENNNVSGQNHDPEQIDLIDLLVQLWRGKMTIIISVIVAIALAIGYLAVAKEKWTSTAIITQPDVGQIAGYNNAMNVIYGQAAPKVSDLQETLIGRFSYAFSALAETLDNQEEPEKLTIEPSVKNQQLPLTVSYVGQTAEGAQMKLAQYIQQVDEKVNQELEKDLKDNIALGRKNLQDSLRTQEVVAQEQKDLRIRQIQEALQYANQAQVTKPQVQQTEDVTQDTLFLLGSEALESMIKHEATRPLVFSPNYYQTRQNLLDIENLKVDDLDIHAYRYVMKPTLPIRRDSPKKAITLILAVLLGGMVGAGIVLRRNALRNYNAK
AAV34531.1	Salmonella enterica subsp. salamae serovar Greenside	AY730594	MTVDSKTSSGRGNDPEQIDLIDLLLQLWRGKMTIIVAVIIAILLAVGYLMIAKEKWTSTAIITQPDAGQVATYTNALNVLYGGNAPKISEVQSGFIGRFSAAFSALAEALDNQKEPEKLTIEQSVKGQALPLSVSYVSTTAEGAQRRLAEYIQQVDEEVAKELEVDLKDNITLQTKTLQESLETQEVVAQEQKDLRIKQIEEALRYADEAKITQPQIQQTQDVTQDTMFLLGSDALKSMIQNEATRPLVFSPAYYQTKQTLLDIKNLKVTADTGACLSLCDEADAAGPSR
AAV74386.1	Escherichia coli	AY654590	MAIIAKLWRLKIISSVRVMMRVENNNVSGQNHDPEQIDLIDLLVQLWRGKMTIIISVIVAIALAIGYLVVAKEKWTSTAIVTQPDVGQIAGYTNAMNVIYGPAVPKVSDIQTSLIGRYSTAFSALAETLDNQEEPEKLTIEPTVKNQSLPLAVSYVGETAEGAQKQLAQYIQQVDDQVNEELEKDLKDNIALRMKNLQDSLKTQEVVAQEQKDLRIRQIQEALQYANQAQVTKPQVQQTEDVTQDTLFLLGSEALESMIKHEATRPLVFSPNYYQTRQNLLDIESLKVDDLDIHAYRYVMKPTLPIRRDSPKKAITLILAVLLGGMVGAGIVLGRNALRNYNAK
AAV74558.1	Escherichia coli	AY657020	MTIIAKLWRLKIISSVRVMMRVENNNVSGQNHDPEQIDLIDLLVQLWRGKMTIIISVIVAIALAIGYLAVAKEKWTSTAIVTQPDVGQIAGYTNAMNVIYGPAVPKVSDIQTSLIGRYSTAFSALAETLDNQEEPEKLTIEPTVKNQSLPLAVSYVGETAEGAQKQLAQYIQQVDDQVNEELEKDLKDNIALRMKNLQDSLKTQEVVAQEQKDLRIRQIQEALQYANQAQVTKPQVQQTEDVTQDTLFLLGSEALESMIKHEATRPLVFSSNYYQTRQNLLDIDNLDVDKLDIHAYRYVMKPTLPIRRDSPKKAITLILAVLLGGMVGAGIVLGRNALRNYNAK
AAV79541.1	Salmonella enterica subsp. enterica serovar Paratyphi A str. ATCC 9150	CP000026	MTQPLPGARAVSAENELDIRGLFRTLWAGKFWIIGIGLLFALIALAYTFFARQEWSATAITDRPTVNMLGGYYSQQQFLRNLDIKTDPASSDKPSVMDEAYKEFIMQLASWDTRRDFWLQTDYYKQRMVGNSKADAAMLDELINNIQFTPGDFTRAINDNVKLIAETAPDANNLLRQYVAFASQRAASHLNDELKGAWAARTVQMKAQVKRQEEVAKAIYSRRVNSIEQALKIAEQHNISRSATDVPADELPDSELFLLGRPMLQARLENLQAVGPAFDLDYFQNRAMLNTLNVGPTLDPRFQTYRYLRTPEEPVKRDSPRRAFLMIMWGIVGALIGAGVALTRRRTI
AAZ91241.1	Shigella sonnei Ss046	CP000039	MPKAEDEIDLFELLGTLWKKKWVILCVTLLTTGLAAVYAFTAKEQWTAKTYIQAPRIAELGSYLKFHQAYARILNQPLDTNALANGLFSDLILIAESPDTKVKFLESTEYYKKETNNLSTEQDKKIWLAEQANKGLVITPPKEKGNTSYYIIQASADSAQEAYKLLQGYLKNVNNQAVTLSLDEFGQNVNTLLVNLNKEIIDIDFQRKSEKLDQIAHIQRDLTTAEQAGIIDYRSSKGGFDNAQSSYKFLLGEKLLSAELKATKDAPIIYPFRYYEVKRQIDELEGMLRDNIQAQAYRYQMKPSEPVIKDKPNKALILILGALPGAMFAIVGTLVYATLKDKTKLD
ABB65523.1	Shigella boydii Sb227	CP000036	MAIIAKLWRLKIISSVRVMMRVENNNVSGQNHDPEQIDLIDLLVQLWRGKMTIIISVIVAIALAIGYLAVAKEKWTSTAIVTQPDVGQIAGYTNAMNVIYGSAVPKVSDIQASLIGRYSTAFSALAETLDNQEEAEKLTIEPTVKNQSLPLAVSYVGETPEGAQKQLAKYIQQVDDQVNEELGKDLKDNIALRMKNLQDSLKTQEVVAQEQKDLRIRQIQEALQYANQAQVTKPQVQQTEDVTQDTLFLLGSEALESMIKHEATRPLVFSPNYYQTRQNLLDIDNLDVDKLDIHAYRYVMKPTLPIRRDSPKKAITLILAVLLGGMVGAGIVLGRNALRNYNAK
WP_000215254.1	Salmonella enterica subsp. enterica serovar Kentucky str. CDC 191	NZ_ABEI01000001	MTVDSNTSSGRGNDPEQIDLIELLLQLWRGKMTIIVAVIIAILLAVGYLMIAKEKWTSTAIITQPDAAQVATYTNALNVLYGGNAPKISEVQANFISRFSSAFSALSEALDNQKEREKLTIEQSVKGQTLPLSVSYVSTTAEGAQRRLAEYIQQVDEEVAKELEVDLKDNITLQTKTLQESLETQEVVAQEQKDLRIKQIEEALRYADEAKITQPQIQQTQDVTQDTMFLLGSDALKSMIQNEATRPLVFSPAYFQTKQTLLDIKNLKVTADTVHVYRYVMKPTLPVRRDSPKKAITLVLAVLLGGMIGAGIVLGRNALRSYKPKAL
WP_000215266.1	Salmonella enterica subsp. enterica serovar Schwarzengrund str. SL480	NZ_ABEJ01000005	MTVDSNTSSGRGNDPEQIDLIELLLQLWRGKMTIIVAVVIAILLAVGYLMIAKEKWTSTAIITQPDAAQVATYTNALNVLYGGNAPKISEVQANFISRFSSAFSALSEALDNQKEREKLTIEQSVKGQALPLSVSYVSTTAEGAQRRLAEYIQQVDEEVAKELEVDLKDNITLQTKTLQESLETQEVVAQEQKDLRIKQIEEALRYADEAKITQPQIQQTQDVTQDTMFLLGSDALKSMIQNEATRPLVFSPAYYQTKQTLLDIKNLKVTADTVHVYRYVMKPTLPVRRDSPKTAITLVLAVLLGGMIGAGIVLGRNALRSYKPKAL
WP_000215260.1	Salmonella enterica subsp. enterica serovar Newport str. SL317	NZ_ABEW01000006	MTVDSNTSSGRGNDPEQIDLIELLLQLWRGKMTIIVAVIIAILLAVGYLMIAKEKWTSTAIITQPDAAQVATYTNALNVLYGGNAPKISEVQANFISRFSSAFSALSEVLDNQKEREKLTIEQSVKGQALPLSVSYVSTTAEGAQRRLAEYIQQVDEEVAKELEVDLKDNITLQTKTLQESLETQEVVAQEQKDLRIKQIEEALRYADEAKITQPQIQQTQDVTQDTMFLLGSDALKSMIQNEATRPLVFSPAYYQTKQTLLDIKNLKVTADTVHVYRYVMKPTLPVRRDSPKKAITLVLAVLLGGMIGAGVVLGRNALRSYKPKAL
WP_000215244.1	Salmonella enterica subsp. enterica serovar Weltevreden str. HI_N05-537	NZ_ABFF01000001	MTVDSNMSSGRGNDPEQIDLIELLLQLWRGKMTIIVAVIIAILLAVGYLMIAKEKWTSTAIITQPDAAQVATYTNALNVLYGGNAPKISEVQANFISRFSSAFSALSEALDNQKEPEKLTIEQSVKGQPLPLSVSYVSTTAEGAQRRLAEYIQQVDEEVAKELEVDLKDNITLQTKTLQESLETQEVVAQEQKDLRIKQIEEALRYADEAKITQPQIQQTQDVTQDTMFLLGSDALKSMIQNEATRPLVFSPAYYQTKQTLLDIKNLKVTADTVHVYRYVMKPTLPVRRDSPKKAITLVLAVLLGGMIGAGIVLGRNALRSYKPKAL
WP_000215258.1	Salmonella enterica subsp. enterica serovar Hadar str. RI_05P066	NZ_ABFG01000001	MTVDSNTSSGRGNDPEQIDLIELLLQLWRGKMTIIVAVIIAILLAVGYLMIAKEKWTSTAIITQPDAAQVATYTNALNVLYGGNAPKISEVQANFISRFSSAFSALSEVLDNQKEREKLTIEQSVKGQALPLSVSYVSTTAEGAQRRLAEYIQQVDEEVAKELEVDLKDNITLQTKTLQESLETQEVVAQEQKDLRIKQIEEALRYADEAKITQPQIQQTQDVTQDTMFLLGSDALKSMIQNEATRPLVFSPAYFQTKQTLLDIKNLKVTADTVHVYRYVMKPTLPVRRDSPKKAITLVLAVLLGGMIGAGIVLGRNALRSYKPKAL
WP_001139581.1	Salmonella enterica subsp. enterica serovar Kentucky str. CVM29188	NZ_ABAK02000001	MPSLNVKQEKNQSFAGYSLPPANSHEIDLFSLIEVLWQAKRRILATVFAFACVGLLLSFLLPQKWTSQAIVTPAESVQWQGLERTLTALRVLDMEVSVDRGSVFNLFIKKFSSPSLLEEYLRSSPYVMDQLKGAQIDEQDLHRAIVLLSEKMKAVDSNAGKKNETSLFTSWTLSFTAPTREEAQKVLAGYIQYISDIVVKETLENIRNQLEIKTRYEQEKLAMDRVRLKNQLDANIQRLHYSLEIANAAGIKRPVYSNGQAVKDDPDFSISLGADGISRKLEIEKGVTDVAEIDGDLRNRQYHVEQLAAMNVSDVKFTPFKYQLSPSLPVKKDGPGKAVIIILAALIGGMMACGGVLLRHAMVSRKMENALAIDERLV
CAR37950.1	Salmonella enterica subsp. enterica serovar Gallinarum str. 287/91	AM933173	MTVDSNTSSGRGNDQEQIDLIELLLQLWRGKMTIIVAVIIAILLAVGYLMIAKEKWTSTAIITQPDAAQVATYTNALNVLYGGNAPKISEVQANFISRFSSAFSALSEALDNQKEREKLTIEQSVKGQALPLSVSYVSTTAEGAQRRLAEYIQQVDEEVAKELEVDLKDNITLQTKTLQESLETQEVVAQEQKDLRIKQIEEALRYADEAKITQPQIQQTQDVTQDTMFLLGSDALKSMIQNEATRPLVFSPAYYQTKQTLLDIKNLKVTADTVHVYRYVMKPTLPVRRDSPKKAITLVLAVLLGGMIGAGIVLGRNALRSYKPKAL
CAS11634.1	Escherichia coli O127:H6 str. E2348/69	FM180568	MTQPMPGKPAEDAENELDIRGLFRTLWAGKLWIIGMGLAFALIALAYTFFARQEWSSTAITDRPTVNMLGGYYSQQQFLRNLDVRSNMASADQPSVMDEAYKEFVMQLASWDTRREFWLQTDYYKQRMVGNSKADAALLDEMINNIVFIPGDFTRAVNDSVKLIAETAPDANNLLRQYVAFASQRAASHLNDELKGAWAARTIQMKAQVKRQEEVAKAIYDRRMNSIEQALKIAEQHNISRSATDVPAEELPDSEMFLLGRPMLQARLENLQAVGPAFDLDYDQNRAMLNTLNVGPTLDPRFQTYRYLRTPEEPVKRDSPRRAFLMIMWGIVGGLIGAGVALTRRCSK
CAR10449.1	Escherichia coli ED1a	CU928162	MTQPMPGKPAEDAENELDIRGLFRTLWAGKLWIIGMGLAFALIALAYTFFARQEWSSTAITDRPTVNMLGGYYSQQQFLRNLDVRSNMASADQPSVMDEAYKEFVMQLASWDTRREFWLQTDYYKQRMVGNSKADAALLDEMINNIVFIPGDFTRAVNDSVKLIAETAPDANNLLRQYVAFASQRAASHLNDELKGAWAARTIQMKAQVKRQEEVAKAIYDRRMNSIEQALKIAEQHNISRSATDVPAEELPDSEMFLLGRPMLQARLENLQAVGPAFDLDYDQNRAMLNTLNVGPTLDPRFQTYRYLRTPEEPVKRDSPRRAFLMIMWGIVGGLIGAGVALTRRCSK
CAO94659.2	Yersinia pseudotuberculosis	AM849474	MSNKQARNNLDNPMPNNYDFSNVSSSRNEIDLFEIFGVVFKSKFKIILITLFFLISGLVVSYILPQKWTSTAIIALPGDEQVQVLDELITNLTVLDIKVDVSANYLLSTFKQNFDSQDLREQYLVNTNYFKRLMKNNPEDGLDKRALIERIVNENISSVNPLKDKTEGENEYRYYKLSYSASTPTDARDLLQGSINYVNTIVNADVFRKIQRAVDLAKGIGTDKYSMELLKARNNQKVKIERLRYASSIADAAGVKKPVYSNGSAISDDPDFPITMGSDALNRKLEIEKSVIDLASINTELLNRKLYLDKLNRLEIPNVNIVPFKYLQQPTEPTKRDVPKRALIVILFALVGLMGSVGFVLVEHFVRERKREEEGLKLSQTKE
ACV52990.1	Yersinia pseudotuberculosis	FJ798742	MSNKQTQSNLDNPMPNNYDFSNISSSKNEIDLFELFGVIFSSKLKIIFITFVFIIIGLGISYILPQKWTSTAIIALPGDEQVQVLDELVTNLTVLDIKVDVSANYLLSTFKQNFDSQDLREQYLVNTNYFKRLLKDNPEDGLDKRALIERIVNENISSVNPVKDKTEGDNEYRYYKLSYSASTPTDARDLLQGSINYINTIVNADVFRKIQRAVDLAKGIGTDKYSMELLKARNNQKVKIERLRYASSIADAAGVKKPVYSSGSAISDDPDFPITMGSDALNRKLEIEKSVTDLASINAELLNRKLYLDKLNRLEIPNVNIVPFKYLQQPTEPTKRDAPKRALIVILFALVGLMGSVGFVLVEHFVRGRKREEEGLKLSQTKE
ACV53007.1	Yersinia pseudotuberculosis	FJ798743	MSNKQARSNLDSPMPNNYDFSNVSSSRNEIDLFEIFGVVFKSKFKIILITLFFLISGLVVSYILPQKWTSTAIIALPGDEQVQVLDELITNLTVLDIKVDVSANYLLSTFKQNFDSQDLREQYLVNTNYFKSLMKNNPEGGLDKRALIERIVNENISSVNPLKDKVEGENEYRYYKLSYSASTPTDARDLLQGSINYINTIVNADVFRKIQRAVDLAKGIGTDKYSMELLKARNNQKVKIERLRYASSIADAAGVKKPVYSNGSAISDDPDFPITMGSDALNRKLEIEKSVIDLASINTELLNRKLYLDKLNRLEIPNVNIVPFKYLQQPTEPTKRDVPKRALIVILFALVGLMGSVGFVLVEHFVRERKREEEGLKLSQTKE
BAI33082.1	Escherichia coli O103:H2 str. 12009	AP010958	MTQPMPGKPAEDAENELDIRGLFRTLWAGKLWIIGMGLAFALIALAYTFFARQEWSATAITDRPTVNMLGGYYSQQQFLRNLDARSNMASADQPSVMDEAYKEFVMQLASWDTRREFWLQTDYYKQRMVGNSKADAALLDEMINNIQFIPGDFTRAVNDSVKLIAETAPDANNLLRQYVAFASQRAASHLNDELKGAWAARTIQMKAQVKRQEEVAKAIYDRRMNSIEQALKIAEQHNISRSATDVPAEELPDSEMFLLGRPMLQARLENLQAVGPAFDLDYDQNRAMLNTLNVGPTLDPRFQTYRYLRTPEEPVKRDSPRRAFLMIMWGIVGGLIGAGVALTRRCSK
ADI59437.1	Yersinia pseudotuberculosis	GU120200	MSNKQTQSNLDNPIPNNYDFSNISSSKNEIDLFELFGVVFSSKLKIILITFVFIIIGLGISYILPQKWTSTAIIALPGDEQVQVLDELVTNLTVLDIKVDVSANYLLSTFKQNFDSQDLREQYLVNTNYFKRLMKDNPEDGLDKRALIERIVNENISSVNPVKDKTEGDNEYRYYKLSYSASTPTDARDLLQGSINYINTIVNADVFRKIQRAVDLAKGIGTDKYSMELLKARNNQKVKIERLRYASSIADAAGVKKPVYSSGSAISDDPDFPITMGSDALNRKLEIEKSVTDLASINAELLNRKLYLDKLNRLEIPNVNIVPFKYLQQPTEPTKRDAPKRALIVILFALVGLMGSVGFVLVEHFVRGRKREEEGLKLSQTKE
ADI59453.1	Yersinia pseudotuberculosis	GU120201	MSNKQARSNLDSPIPNNYDFSNVSSSRNEIDLFEIFGVVFKSKFKIILITLFFLISGLVVSYILPQKWTSTAIIALPGDEQVQVLDELITNLTVLDIKVDVSANYLLSTFKQNFDSQDLREQYLVNTNYFKRLMKNNPEDGLDKRALIERIVNENISSVNPLKDKTEGENEYRYYKLSYSASTPTDARDLLQGSINYVNTIVNADVFRKIQRAVDLAKGIGTDKYSMELLKARNNQKVKIERLRYASSIADAAGVKKPVYSNGSAISDDPDFPITMGSDALNRKLEIEKSVIDLASINTELLNRKLYLDKLNRLEIPNVNIVPFKYLQQPTEPTKRDVPKRALIVILFALVGLMGSVGFVLVEHFVRERKREEEGLKLSQTKE
ADT77408.1	Escherichia coli W	CP002185	MTQPMPGKPAEDAENELDIRGLFRTLWAGKLWIIGMGLAFALIALAYTFFARQEWSSTAITDRPTVNMLGGYYSQQQFLRNLDARSNMASADQPSVMDEAYKEFVMQLASWDTRREFWLQTDYYKQRMVGNSKADAALLDEMINNIQFIPGDFTRAVNDSVKLIAETAPDANNLLRQYVAFASQRAASHLNDELKGAWAARTIQMKAQVKRQEEVAKAIYDRRMNSIEQALKIAEQHNISRSATDVPAEELPDSEMFLLGRPMLQARLENLQAVGPAFDLDYDQNRAMLNTLNVGPTLDPRFQTYRYLRTPEEPVKRDSPRRAFLMIMWGIVGGLIGAGVALTRRCSK
ADX97410.1	Yersinia pseudotuberculosis	HQ396160	MNNRFYSNDVSSKNILDDSHATHQIMIKEIDLFELFGVIFSSKLKIILITFVFIIIGLGISYILPQKWTSTAIIALPGDEQVQVLDELITNLTVLDIKVDVSANYLLSTFKQNFDSQDLREQYLVNTNYFKRLMKNNPEDGLDKRALIERIVNENISSVNPLKDKTEGENEYRYYKLSYSASTPTDARDLLQGSINYVNTIVNADVFRKIQRAVDLAKGIGTDKYSMELLKARNNQKVKIERLRYASSIADAAGVKKPVYSNGSAISDDPDFPITMGSDALNRKLEIEKSVIDLASINTELLNRKLYLDKLNRLEIPNVNIVPFKYLQQPTEPTKRDAPKRALIVILFALVGLMGSVGFVLVEHFVRERKREEEGLKLSQTKE
BAK68967.1	Escherichia coli O157:H45	AB602249	MMRVENNNVSGQNHDPEQIDLIDLLVQLWRGKMTIIISVIVAIALAIGYLAVAKEKWTSTAIVTQPDVGQIAGYNNAINVIYGSAAPKVSEIQSMLIGRFSTTFSALAETLDNQEEPEKLTIEPTVKNQSLPLAVSYVGETPEGAQKQLAKYIQQVDDQVNEELEQDLKDNIALQMKNLQDSLKTQEVVAQEQKDLRIRQIQEALQYANQAQVTKPQIQQTQDVTQDTMFLLGSEALESMIKHEATRPLVFSSNYYQTRQNLLDIDNLDVDKLDIHAYRYVMKPTLPIRRDSPKKAITLILAVLLGGMVGAGIVLGRNALRNYNAK
BAK69020.1	Escherichia coli O157:HNM	AB602250	MAIIAKLWRLKIISSVRVMMRVENNNVSGQNHDPEQIDLIDLLVQLWRGKMTIIISVIVAIALAIGYLAVAKEKWTSTAIVTQPDVGQIAGYTNAMNVIYGPAVPKVSDIQTSLIGRYSTAFSALAETLDNQEEPEKLTIEPTVKNQSLPLAVSYVGETAEGAQKQLAQYIQQVDDQVNEELEKDLKDNIALRMKNLQDSLKTQEVVAQEQKDLRIRQIQEALQYANQAQVTKPQVQQTEDVTQDTLFLLGSEALESMIKHEATRPLVFSSNYYQTRQNLLDIESLKVDDLDIHAYRYVMKPTLPIRRDSPKKAITLILAVLLGGMVGAGIVLGRNALRNYNAK
BAK69178.1	Escherichia coli O157:H43	AB602253	MRTWKFPSVRVMMRVENNNVSGQNHDPEQIDLIDLLVQLWRGKMTIIISVIVAIALAIGYLAVAKEKWTSTAIITQPDVGQIAGYNNAMNVIYGQAAPKVSDLQETLIGRFSSAFSALAETLDNQEEPEKLTIEPSVKNQQLPLTVSYVGQTAEGAQMKLAQYIQQVDDKVNQELEKDLKDNIALGRKNLQDSLRTQEVVAQEQKDLRIRQIQEALQYANQAQVTKPQVQQTEDVTQDTLFLLGSEALESMIKHEATRPLVFSPNYYQTRQNLLDIENLKVDDLDIHAYRYVMKPTLPIRRDSPKKAITLILAVLLGGMVGAGIVLGRNALRNYNAK
AEP25479.1	Yersinia pseudotuberculosis	HQ456391	MMLERINHDYNIGFFELFSILSRGKIRIIIVTLLFLTVGSIISYILPQKWTSTAIITLPGDEQIQVLDELITNLTVLDIKVDISANYLLSTFKQNFDSQDLREQYLVNTNYFKRLMKSNPEGGLDKRALIERIVNENIASVSPLKDKTERDDEYRYYKLSYSASTPTDARDLLQGSINYINTIVNADVFRKVQRAVDLAKGIGTDKYSMELLRARNNQKVKIERLRYASSIADAAGVKKPVYSSGSAISDDPDFPITMGSDALNRKLEIEKSVTDLASINAQLLNRKLYLDKLNRLEIPNVNIVPFKYLQQPTEPTKKDAPKRALIMILFALAGLISSIGFVLADHFVRERKREEDEFKISKTKE
AEP25502.1	Yersinia pseudotuberculosis	HQ456392	MSNKQTRSDLDTPIPNKYGFSNIPPSRNEVNLFQIFFIIFSSKLKVMFITLIFIISGLIVSCILPQQWTSTAIIVPPGDEQIQVLDALISNLTVLDIKVDVSANYLLSTFKQNFDSQNIREQYLVNTNYFKRLMKDNPEDGLDKRALIERIVNENISSVSPLRDNSEGDNEYRYYKLSYSASTPIDARDLLQGYVNYVNTIVNADVFRKVQRAVDLAKGIGTDKYSMELLRARNNQKVKIERLRYASSIADAAGVKKPVYSSGSSISDDPDFPITMGSDALNRKLEIEKSVIDLASINTELLNRKLYLDKLNRLEIPNVNIVPFKYLQQPTEPTKKDTPKRALIMILFALAGIVSSIGFVLVEHFLRERMQEEEELKLPQTKV
BAL03065.1	Escherichia coli O183:H18	AB627352	MAIIAKLWRLKIISSVRVMMRVENNNVSGQNHDPEQIDLIDLLVQLWRGKMTIIISVIVAIALAIGYLAVAKEKWTSTAIVTQPDVGQIAGYTNAMNVIYGPAVPKVSDIQASLIGRYSTAFSALAETLDNQEEAEKLTIEPTVKNQSLPLAVSYVGETPEGAQKQLAKYIQQVDDQVNEELEKDLKDNIALRMKNLQDSLKTQEVVAQEQKDLRIRQIQEALQYANQAQVTKPQVQQTEDVTQDTLFLLGSEALESMIKHEATRPLVFSPNYYQTRQNLLDIESLKVDDLDIHAYRYVMKPTLPIRRDSPKKAITLILAVLLGGMVGAGIVLGRNALRNYNAK
EHX11452.1	Escherichia coli DEC11C	AIGX01000028	MRVENNNVSGQNHDPEQIDLIDLLVQLWRGKMTIIISVIVAIALAIGYLAVAKEKWTSTAIITQPDVGQIAGYNNAMNVIYGQAAPKVSDLQETLIGRFSSAFSALAETLDNQEEPEKLTIEPSVKNQQLPLTVSYVGQTAEGAQMKLAQYIQQVDDKVNQELEKDLKDNIALGRKNLQDSLRTQEVVAQEQKDLRIRQIQEALQYANQAQVTKPQIQQTQDVTQDTMFLLGSEALESMIKHEATRPLVFSSNYYQTRQNLLDIESLKVDDLDIHAYRYVMKPTLPIRRDSPKKAITLILAVLLGGMVGAGIVLGRNALRNYNAK
AFV46143.1	Yersinia similis	JX454603	MSNKQTQSNLDNPIPNNYDFSNISSSKNEIDLFELFGIIFSSKLKIIFITFVFIIIGLGISYILPQKWTSTAIIALPGDEQVQVLDELVTNLTVLDIKVDVSANYLLSTFKQNFDSQDLREQYLVNTNYFKRLLKDNPEDGLDKRALIERIVNENISSVNPVKDKTEGDNEYRYYKLSYSASTPTDARDLLQGSINYINTIVNADVFRKIQRAVDLAKGIGTDKYSMELLKARNNQKVKIERLRYASSIADAAGVKKPVYSSGSAISDDPDFPITMGSDALNRKLEIEKSVTDLASINAELLNRKLYLDKLNRLEIPNVNIVPFKYLQQPTEPTKRDAPKRALIVILFALVGLMGSVGFVLVEHFVRGRKREEEGLKLSQTKE
EKK44950.1	Escherichia coli 8.0566	JH970567	MRVENNNVSGQNHDPEQIDLIDLLVQLWRGKMTIIISVIVAIALAIGYLAVAKEKWTSTAIITQPDVGQIAGYNNAMNVIYGQAAPKVSDLQETLIGRFSSAFSALAETLDNQEEPEKLTIEPSVKNQQLPLTVSYVGQTAEGAQMKLAQYIQQVDDKVNQELEKDLKDNIALGRKNLQDSLRMQEVVAQEQKDLRIRQIQEALQYANQAQVTKPQVQQTEDVTQDTLFLLGSEALESMIKHEATRPLVFSPNYYQTRQNLLDIENLKVDDLDIHAYRYVMKPTLPIRRDSPKKAITLILAVLLGGMVGAGIVLGRNALRNYNAK
CAD62220.2	Yersinia similis	AJ539157	MAFLYLKISFWINFMKNYSNLKVSKYHGNSWGKSIEVDLFEIVSILARNKIKIMFVFFVFIMTGIITSYILPQKWTSTAIIALPGDEQVQVLDELVTNLTVLDIKVDVSANYLLSTFKQNFDSQDLREQYLVNTNYFKRLMKDNPEDGLDKRALIERIVNENISSVNPVKDKTEGDNEYRYYKLSYSASTPTDARDLLQGSINYINTIVNADVFRKIQRAVDLAKGIGTDKYSMELLKARNNQKVKIERLRYASSIADAAGVKKPVYSSGSAISDDPDFPITMGSDALNRKLEIEKSVTDLASINAELLNRKLYLDKLNRLEIPNVNIVPFKYLQQPTEPTKRDAPKRALIVILFALVGLMGSVGFVLVEHFVRGRKREEEGLKLSQTKE
AHG15271.1	Escherichia coli O145:H28 str. RM13516	CP006262	MRVENNNVSGQNHDPEQIDLIDLLVQLWRGKMTIIISVIVAIALAIGYLAVAKEKWTSTAIITQPDVGQIAGYNNAMNVIYGQAAPKVSDLQETLIGRFSSAFSALAETLDNQEEPEKLTIEPSVKNQQLPLTVSYVGQTAEGAQMKLAQYIQQVDDKVNQELEKDLKDNIALGRKNLQDSLRTQEVVAQEQKDLRIRQIQEALQYANQAQVTKPQVQQTEDVTQDTLFLLGSEALESMIKHEATRPLVFSPNYYQTRQNLLDIENLKVDDLDIHAYRYVMKPTLPIRRDSPKKAITLILAVLLGGMVGAGIVLGRNALRNYNAK
BAQ00576.1	Escherichia coli	AB811596	MRTWKFPSVRVMMRVENNNVSGQNHDPEQIDLIDLLVQLWRGKMTIIISVIVAIALAIGYLAVAKEKWTSTAIITQPDVGQIAGYNNAMNVIYGQAAPKVSDLQETLIGRFSSAFSALAETLDNQEEPEKLTIEPSVKNQQLPLTVSYVGQTAEGAQMKLAQYIQQVDDKVNQELEKDLKDNIALGRKNLQDSLRTQEVVAQEQKDLRIRQIQEALQYANQAQVTKPQVQQTEDVTQDTLFLLGSEALESMIKHEATRPLVFSPNYYQTRQNLLDIENLKVDDLDIHAYRYVMKPTLPIRRDSPKKAITLILAVLLGGMVGAGIVLGRNALRNYNAK
BAQ00629.1	Escherichia coli	AB811599	MAIIAKLWRLKIISSVRVMMRVENNNVSGQNHDPEQIDLIDLLVQLWRGKMTIIISVIVAIALAIGYLAVAKEKWTSTAIVTQPDVGQIAGYTNAMNVIYGSAVPKVSDIQASLIGRYSTAFSALAETLDNQEEAEKLTIEPTVKNQSLPLAVSYVGETPEGAQKQLAKYIQQVDEQVYEELEQDLKDNIALRTKNLQDSLKTQEVVAQEQKDLRIRQIQEALQYANQAQVTKPQIQQTQDVTQDTMFLLGSEALESMIKHEATRPLVFSSNYYQTRQNLLDIDNLDVDKLDIHAYRYVMKPTLPIRRDSPKKAITLILAVLLGGMVGAGIVLGRNALRNYNAK
BAQ00643.1	Escherichia coli	AB811600	MAIIAKLWRLKIISSVRVMMRVENNNVSGQNHDPEQIDLIDLLVQLWRGKMTIIISVIVAIALAIGYLAVAKEKWTSTAIITQPDVGQIAGYNNAMNVIYGQAAPKVPDLQEALIGRFSSAFSALAETLDNQKEPEKLTIEPSVKNQQLPLTVSYVGQTAEDAQMKLAQYIQQVDDKVNQELEKDLKDNLALGRKNLQDSLRTQEVVAQEQKDLRIRQIQEALQYANQAQVTKPQIQQTGEDITQDTLFLLGSEALESMIKHEATRPLVFSPNYYQTRQNLLDIENLKVDDLDIHAYRYVMKPTLPIRRDSPKKAITLILAVLLGGMVGAGIVLGRNALRNYNAK
BAQ00660.1	Escherichia coli	AB811601	MRTWKFPSVRVMMRVENNNVSGQNHDPEQIDLIDLLVQLWRGKMTIIISVIVAIALAIGYLAVAKEKWTSTAIITQPDVGQIAGYNNAMNVIYGQAAPKVSDLQETLIGRFSSAFSALAETLDNQEEREKLTIEPSVKNQQLPLTVSYVGQTAEGAQMKLAQYIQQVDDKVNQELEKDLKDDIALGRKNLQDSLRTQEVVAQEQKDLRIRQIQEALQYANQAQVTKPQIQQTGEDITQDTLFLLGSEALESMIKHEATRPLVFSPNYYQTRQNLLDIESLKVDDLDIHAYRYVMKPMLPIRRDSPKKAITLILAVLLGGMVGAGIVLGRNALRNYNAK
BAQ00678.1	Escherichia coli	AB811602	MRTWKFPSVRVMMRVENNNVSGQNHDPEQIDLIDLLVQLWRGKMTIIISVIVAIALAIGYLAVAKEKWTSTAIITQPDVGQIAGYNNAMNVIYGQAAPKVSDLQGTLIGRFSSAFSALAETLDNQEEPEKLTIEPSVKNQQLPLTVSYVGQTAEGAQMKLAQYIQQVDDKVNQELEKDLKDNIALGRKNLQDSLRTQEVVAQEQKDLRIRQIQEALQYANQAQVTKPQIQQTQDVTQDTMFLLGSEALESMIKHEATRPLVFSSNYYQTRQNLLDIDNLDVDKLDIHAYRYVMKPTLPIRRDSPKKAITLILAVLLGGMVGAGIVLGRNALRNYNAK
BAQ00694.1	Escherichia coli	AB811603	MAIIAKLWRLKIILSVRVMMRVENNNVSGQNHDPEQIDLIDLLVQLWRGKMTIIISVIVAIALAIGYLAVAKEKWTSTAIVTQPDVGQIAGYTNAMNVIYGPAVPKVSDIQASLIGRYSTAFSALAETLDNQEEPEKLTIEPTVKNQSLPLAVSYVGETPEGAQKQLAKYIQQVDDQVNEELEQDLKDNIALQMKNLQDSLKTQEVVAQEQKDLRIRQIQEALQYANQAQVTKPQIQQTQDVTQDTMFLLGSEALESMIKHEATRPLVFSSSYYQTRQNLLDIDNLDVDKLDIHAYRYVMKPTLPIRRDSPKKAITLILAVLLGGMVGAGIVLGRNALRNYNAK
BAQ00712.1	Escherichia coli	AB811604	MRTWKFPSVRVMMRVENNNVSGQNHDPEQIDLIDLLVQLWRGKMTIIISVIVAIALAIGYLAVAKEKWTSTAIITQPDVGQIAGYNNAMNVIYGQAAPKVSDLQETLIGRFSSAFSALAETLDNQDEPEKLTIEPSVKNQQLPLTVSYVGQTAEGAQMKLAQYIQQVDDKMNQELEKDLKDNIALGRKNLQDSLRTQEVVAQEQKDLRIRQIQEALQYANQAQVTKPQVQQTEDVTQDTLFLLGSEALESMIKHEATRPLVFSPNYYQTRQNLLDIDNLDVDKLDIHAYRYVMKPTLPIRRDSPKKAITLILAVLLGGMVGAGIVLGRNALRNYNAK
BAQ00743.1	Escherichia coli	AB811606	MAIIAKLWRLKIILSVRVMMRVENNNVSGQNHDPEQIDLIDLLVQLWRGKMTIIISVIVAIALAIGYLAVAKEKWTSTAIVTQPDVGQIAGYNNAINVIYGSAAPKASEIQSMLIGRFSTTFSALAETLDNQEEPEKLTIEPTVKNQSLPLAVSYVGETPEGAQKQLAKYIQQVDDQVNEELEQDLKDNIALRMKNLQDSLKTQEVVAQEQKDLRIRQIQEALQYANQAQVTKPQIQQTQDVTQDTMFLLGSEALESMIKHEATRPLVFSSNYYQTRQNLLDIDNLDVDKLDIHAYRYVMKPTLPIRRDSPKKAITLILAVLLGGMVGAGIVLGRNALRNYNAK
BAQ00762.1	Escherichia coli	AB811608	MDVTKVYMIQDNNNGRSGYEREPEQIDLIDLLIQLWRGKLTIIVCVIVAIALAVAYVFLAKEKWTSTATITRPDAAQIATYHNAINTLDSSITLSDVQNQVINRFNSAFIALTEALDNQQEPEKLTIEPSVKGQNLPLTVTYVSDTAQSAQRGVAEYIQKIDEQIADELELDLNDTIKLRVMNIKDDLENQETVAQEQKDLRIKQITESLKYAQKSNVTKPQLQQTQDVTQETMFLLGTEALGAMVANEASRPLTFGAGYYGLKKNLLDIEKLKVDPKTIHVYRYVMKPTLPIRRDSPKRGLTLVLAVLLGGMIGAGVVLGRNALRNYKPKA
BAQ00787.1	Escherichia coli	AB811610	MAIIAKLWRLKIISSVRVMMRVENNNVSGQNHDPEQIDLIDLLVQLWRGKMTIIISVIVAIALAIGYLVVAKEKWTSTAIVTQPDVGQIAGYTNAMNVIYGPAVPKVSDIQTSLIGRYSTAFSALAETLDNQEEAEKLTIEPTVKNQPLPLAVSYVGETPEGAQKQLAKYIQQVDDQVNEELEKDLKDNIALRMKNLQDSLKTQEVVAQEQKDLRIRQIQEALQYANQAQVTKPQIQQTGEDITQDTLFLLGSEALESMIKHEATRPLVFSSNYYQTRQNLLDIENLKVDDLDIHAYRYVMKPTLPIRRDSPKKAITLILAVLLGGMVGAGIVLGRNALRNYNAK
BAQ00801.1	Escherichia coli	AB811611	MAIIAKLWRLKIISSVRVMMRVENNNVSGQNHDPEQIDLIDLLVQLWRGKMTIIISVIVAIALAIGYLAVAKEKWTSTAIVTQPDVGQIAGYNNAINVIYGSAAPKVSEIQSMLIGRFSTTFSALAETLDNQEEPEKLTIEPTVKNQSLPLAVSYVGKTPEGAQKQLAKYIQQVDDQVNEELEQDLKDNIALQMKNLQDSLKTQEVVAQEQKDLRIRQIQEALQYANQAQVTKPQIQQTQDVTQDTMFLLGSEALESMIKHEATRPLVFSSNYYQTRQNLLDIDNLDVDKLDIHAYRYVMKPTLPIRRDSPKKAITLILAVLLGGMVGAGIVLGRNALRNYNAK
BAQ00820.1	Escherichia coli	AB811612	MRTWKFPSVRVMMRVENNNVSGQNHDPEQIDLIDLLVQLWRVKMTIIISVIVAIALAIGYLAVAKEKWTSTAIITQPDVGQIAGYNNAMNVIYGQAAPKVSDLQETLIGRFSSAFSALAETLDNQEEPEKLTIEPSVKNQQLPLTVSYVGQTAEGAQMKLAQYIQQVDEKVNQELEKDLKDNIALGRKNLQDSLRTQEVVAQEQKDLRIRQIQEALQYANQAQVTKPQVQQTEDVTQDTLFLLGSEALESMIKHEATRPLVFSPNYYQTRQNLLDIENLKVDDLDIHAYRYVMKPTLPIRRDSPKKAITLILAVLLGGMVGAGIALGRNALRNYNAK
BAQ00852.1	Escherichia coli	AB811614	MAIIAKLWRLKIISSVRVMMRVENNNVSGQNHDPEQIDLIDLLVQLWRGKMTIIISVIVAIALAIGYLAVAKEKWTSTAIVTQPDVGQIAGYTNAMNVIYGSAVPKVSDIQASLIGRYSTAFSALAETLDNQEEAEKLTIEPTVKNQSLPLAVSYVGETPEGAQKQLAKYIQQVDDQVNEELEKDLKDNIALRMKNLQDSLKTQEVVAQEQKDLRIRQIQEALQYANQAQVTKPQVQQTEDVTQDTLFLLGSEALESMIKHEATRPLVFSPNYYQTRQNLLDIESLKVDDLDIHAYRYVMKPMLPIRRDSPKKAITLILAVLLGGMVGAGIVLGRNALRNYNAK
BAQ00866.1	Escherichia coli	AB811615	MAIIAKLWRLKIISSVRVMMRVENNNVSGQNYDPEQIDLIDLLVQLWRGKMTIIISVIVAIALAIGYLAVAKEKWTSTAIVTQPDVGQIAGYTNAMNVIYGSAVPKVSDIQASLIGRYSTAFSALAETLDNQEEAEKLTIEPTVKNQSLPLAVSYVGETPEGAQKQLAKYIQQVDDQVNEELEKDLKDNIALRMKNLQDSLKTQEVVAQEQKDLRIRQIQEALQYANQAQVTKPQVQQTEDVTQDTLFLLGSEALESMIKHEATRPLVFSPNYYQTRQNLLDIENLKVDDLDIHAYRYVMKPTLPIRRDSPKKAITLILAVLLGGMVGAGIVLGRNALRNYNAK
BAQ00886.1	Escherichia coli	AB811616	MRTWKFPSVRVMMRVENNNVSGQNHDPEQIDLIDLLVQLWRGKMTIIISVIVAIALAIGYLAVAKEKWTSTAIITQPDVGQIAGYNNAMNVIYGQAAPKVSDLQETLIGRFSSAFSALAETLDNQEEPEKLTIEPSVKNQQLPLTVSYVGQTAEGAQMKLAQYIQQVDDKVNQELEKDLKDNIALGRKNSQDSLRTQEVVAQEQKDLRIRQIQEALQYANQAQVTKPQVQQTEDVTQDTLFLLGSEALESMIKHEAPRPLVFSSNYYQTRQNLLDIESLKVDDLDIHAYRYVMKPTLPIRRDSPKKAITLILAVLLGGMVGAGIVLGRNALRNYNAK
BAQ00904.1	Escherichia coli	AB811617	MMRVENNNVSGQNHDPEQIDLIDLLVQLWRGKMTIIITVIVAIALAIGYLAVAKEKWTSSAIVTQPDVGQIAGYNNAINVIYGSAAPKVSEIQSMLIGRFSTTFSALAETLDNQEQAEKLTIEPSVKNQPLPLAVSYVGETPEGAQKQLAKYIQQVDDQVNEELEKDLKDNIALRMKNLQDSLKTQEVVAQEQKDLRIRQIQEALQYANQAQVSKPQIQQTQDVTQDTMFLLGSEALESMIKHEATRPLVFSPNYYQTRQNLLDIESLKVDDLDIHSYRYVMKPTLPIRRDSPKKAITLILAVLLGGMVGAGIVLGRNALRNYNAK
BAQ00937.1	Escherichia coli	AB811619	MAIIAKLWRLKIISSVRVMMRVENNNVSGQNHDPEQIDLIDLLVQLWRGKMTIIISVIVAIALAIGYLAVAKEKWTSTAIITQPDVGQIAGYNNAMNVIYGQAAPKVPDLQEALIGRFSSAFSALAETLGNQKEPEKLTIEPSVKNQQLPLTVSYVGQTAEDAQMKLAQYIQQVDDKVNQELEKDLKDNLALGRKNLQDSLRTQEVVAQEQKDLRIRQIQEALQYANQAQVTKPQIQQTGEDITQDTLFLLGSEALESMIKHEATRPLVFSPNYYQTRQNLLDIENLKVDDLDIHAYRYVMKPTLPIRRDSPKKAITLILAVLLGGMVGAGIVLGRNALRNYNSK
BAQ00949.1	Escherichia coli	AB811620	MRTWKFPSVRVMMRVENNNVSGQNHDPEQIDLIDLLMQLWRGKMTIIISVIVAIALAIGYLAVAKEKWTSTAIVTQPDVGQIAGYNNAMNVIYGQAAPKVSDLQETLIGRFSSAFSALAETLDNQEEPEKLTIEPSVKNQQLPLTVSYVGQTAEGAQMKLAQYIQQVDDKVNQELEKDLKDNIALGRKNLQDSLRTQEVVAQEQKDLRIRQIQEALQYANQAQVTKPQVQQTEDVTQDTLFLLGSEALESMIKHEATRPLVFSPNYYQTRQNLLDIESLKVDDLDIHAYRYVMKPTLPIRRDSPKKAITLILAVLLGGMVGAGIVLGRNALRNYNAK
BAQ00962.1	Escherichia coli	AB811621	MAIIAKLWRLKIISSVRVMMRVENNNVSGQNHDPEQIDLIDLLVQLWRGKMTIIISVIVAIALAIGYLAVAKEKWTSTAIVTQPDVGQIAGYTNAMNVIYGSAVPKVSDIQASLIGRYSTAFSALAETLDNQEEAEKLTIEPTVKNQSLPLAVSYVGETPEGAQKQLAKYIQQVDDQVNEELEKDLKDNIALRMKNLQDSLKTQEVVAQEQKDLRIRQIQEALQYANQAQVTKPQVQQTEDVTQDTLFLLGSEALESMIKHEATRPLVFSSNYYQTRQNLLDIDNLDVDKLDIHAYRYVMKPTLPIRRDSPKKAITLILAVLLGGMVGAGIVLGRNALRNYNAK
BAQ00981.1	Escherichia coli	AB811622	MAIIAKLWRLKIISSVRVMMRVENNNVSGQNHDPEQIDLIDLLVQLWRGKMTIIISVIVAIALAIGYLAVAKEKWTSTAIVTQPDVGQIAGYTNAMNVIYGPAVPKVSDIQASLIGRYSTAFSALAETLDNQEEAEKLTIEPTVKNQPLPLAVSYVGETPEGAQKQLAKYIQQVDDQVNEELEKDLKDNIALRMKNLQDSLKTQEVVAQEQKDLRIRQIQEALQYANQAQVTKPQVQQTEDVTQDTLFLLGSEALESMIKHEATRPLVFSPNYYQTRQNLLDIENLKVDDLDIHAYRYVMKPTLPIRRDSPKKAITLILAVLLGGMVGAGIVLGRNALRNYNAK
BAQ01000.1	Escherichia coli	AB811623	MAIIAKLWRLKIISSVRVMMRVENNNVSGQNHDPEQIDLIDLLVQLWRGKMTIIISVIVAIALAIGYLAVAKEKWTSTAIVTQPDVGQIAGYTNAMNVIYGSAVPKVSDIQTSLIGRYSTAFSALAETLDNQEEPEKLTIEPTVKNQSLPLAVSYVGETAEGAQKQLAQYIQQVDDQVNEELEKDLKDNIALRMKNLQDSLKTQEVVAQEQKDLRIRQIQEALQYANQAQVTKPQVQQTEDVTQDTLFLLGSEALESMIKHEATRPLVFSSNYYQTRQNLLDIESLKVDDLDIHAYRYVMKPTLPIRRDSPKKAITLILAVLLGGMVGAGIVLGRNALRNYNAK
BAQ01031.1	Escherichia coli	AB812020	MAIIAKLWRLKNISSVRVMMRVENNVSGQNHDPEQIDLIDLLVQLWRGKMTIIISVIVAIALAIGYLAVAKEKWTSTAIVTQPDVGQIAGYTNAMNVIYGPAVPKVSDIQASLIGRYSTAFSALAETLDNQEEAEKLTIEPTVKNQSLPLAVSYVGKTPEGAQKQLAKYIQQVDDQVNEELEQDLKDNIALRMKNLQDSLKTQEVVAQEQKDLRIRQIQEALQYANQAQVTKPQVQQTEDVTQDTLFLLGSEALESMIKHEATRPLVFSPNYYQTRQNLLDIENLKADDLDIHAYRYVMKPTLPIRRDSPKKAITLILAVLLGGMVGAGIVLGRNALRNYNAK
BAQ01122.1	Escherichia coli	AB812025	MAIIAKLWRLKIISSVRVMMRVENNNVSGQNHDPEQIDLIDLLVQLWRGKMTIIISVIVAIALAIGYLAVAKEKWTSTAIVTQPDVGQIAGYNNAINVIYGSAAPKVSEIQSMLIGRFSTTFSALAETLDNQEEPEKLTIEPTVKNQSLPLAVSYVGLSPEAAQKQLAQYIQQVDDQVNEELEKDLKDNIALRMKNLQDSLKTQEVVAQEQKELRIRQIQEALQYANQAQVTKPQIQQTQDVTQDTMFLLGSDALESMVKHEASRPLVFSSNYYQTRQNLLDIDNLDVDELDIHAYRYVMKPTLPIRRDSPKRAITLILAVLLGGMVGAGIVLGRNALRNYNAK
BAQ01144.1	Escherichia coli	AB812026	MAIIAKLWRLKIISSVRVMMRVENNNVSGQNHDPEQIDLIDLLVQLWRGKMTIIISVIVAIALAIGYLVVAKEKWTSTAIVTQPDVGQIAGYNNAINVIYGSAAPKVSEIQSMLIGRFSTTFSALAETLDNQEEPEKLTIEPTVKNQSLPLAVSYVGETPEGAQKQLAQYIQQVDDQVNEELEQDLKDNIALRMKNLQDSLKTQEVVAQEQKDLRIRQIQEALQYANQAQVTKPQIQQTQDVTQDTMFLLGSEALESMIKHEATRPLVFSSNYYQTRQNLLDIDNLDVDKLDIHAYRYVMKPTLPIRRDSPKKAITLILAVLLGGMVGAGIVLGRNALRNYNAK
BAQ01157.1	Escherichia coli	AB812027	MFAGKKSAQIREILISESAWEEMTCLFAPSLVQLWRGKMTIIISVIVAIALAIGYLAVAKEKWTSTAIITQPDVGQIAGYNNAMNVIYGQAAPKVSDLQETLIGRFSSAFSALAETLDNQEEPEKLTIEPSVKNQQLPLTVSYVGQTAEGAQMKLAQYIQQVDDKVNQELEKDLKDNIALGRKNLQDSLRTQEVVAQEQKDLRIRQIQEALQYANQAQVTKPQVQQTEDVTQDTLFLLGSEALESMIKHEATRPLVFSPNYYQTRQNLLDIENLRVDDLDIHAYRYVMKPTLPIRRDSPKKAITLILAVLLGGMVGAGIVLGRNALRNYNAK
BAQ01175.1	Escherichia coli	AB812028	MAIIAKLWRLKIISSVRVMMRVENNNVSGQNHDPEQIDLIDLLVQLWRGKMTIIISVIVAIALAIGYLAVAKEKWTSTAIVTQPDVGQIAGYTNAMNVIYGSAVPKVSDIQASLIGRYSTAFSALAETLDNQEEAEKLTIEPTVKNQSLPLAVSYVGETPEGAQKQLAKYIQQVDDQVNEELGKDLKDNIALRMKNLQDSLKTQEVVAQEQKDLRIRQIQEALQYANQAQVTKPQVQQTEDVTQDTLFLLGSEALESMIKHEATRPLVFSPNYYQTRQNLLDIESLKVDDLDIHAYRYVMKPTLPIRRDSPKKAITLILAVLLGGMVGAGIVLGRNALRNYNAK
BAQ01224.1	Escherichia coli	AB812031	MAIIAKLWRLKIISSVRVMMRVENNNVSGQNHDPEQIDLIDLLVQLWRGKMTIIISVIVAIALAIGYLAVAKEKWTSTAIVTQPDVGQIAGYNNAINVIYGSAAPKVSEIQSMLIGRFSTTFSALAETLDNQEEPEKLTIEPTVKNQSLPLAVSYVGETPEGAQKQLAQYIQQVDDQVNEELEQDLKDNIALQMKNLQDSLKTQEVVAQEQKDLRIRQIQEALQYANQAQVTKPQIQQTQDVTQDTMFLLGSEALESMIKHEATRPLVFSSNYYQTRQNLLDIDNLDVDKLDIHAYRYVMKPTLPIRRDSPKKAITLILAVLLGGMVGAGIVLGRNALRNYNAK
BAQ01242.1	Escherichia coli	AB812032	MAIIAKLWRLKIISSVRVMMRVENNNVSGQNHDPEQIDLIDLLVQLWRGKMTIIISVIVAIALAIGYLAVAKEKWTSTAIVTQPDVGQIAGYTNAMNVIYGSAVPKVSDIQTSLIGRYSTAFSALAETLDNQEEAEKLTIEPTVKNQPLPLAVSYVGETPEGAQKQLAKYIQQVDDQVNEELEKDLKDNIALRMKNLQDSLKTQEVVAQEQKDLRIRQIQEALQYANQAQVTKPQVQQTEDVTQDTLFLLGSEALESMIKHEATRPLVFSPNYYQTRQNLLDIESLKVDDLDIHAYRYVMKPTLPVRRDSPKKAITLILAVLLGGMVGAGIVLGRNALRNYNAK
BAQ01272.1	Escherichia coli	AB812034	MAIIAKLWRLKIISSVRVMMRVENNNVSGQNHDPEQIDLLVQLWRGKMTIIISVIVAIALAIGYLAVAKEKWTSTAIVTQPDVGQIAGYNNAINVIYGSAAPKVSEIQSMLIGRFSTTFSALAETLDNQEEPEKLTIEPTVKNQSLPLAVSYVGETPEGAQKQLAQYIQQVDDQVNEELEQDLKDNIALQMKNLQDSLKTQEVVAQEQKDLRIRQIQEALQYANQAQVTKPQIQQTQDVTQDTMFLLGSEALESMIKHEATRPLVFSSNYYQTRQNLLDIDNLDVDKLDIHAYRYVMKPTLPIRRDSPKKAITLILAVLLGGMVGAGIVLGRNALRNYNAK
BAQ01285.1	Escherichia coli	AB812035	MAIIAKLWRLKIILSVRVMMRVENNNVSGQNHDPEQIDLIDLLVQLWRGKMTIIISVIVAIALAIGYLAVAKEKWTSTAIVTQPDVGQIAGYNNAINVIYGSAAPKASEIQSMLIGRFSTTFSALAETLDNQEEPEKLTIEPTVKNQSLPLAVSYVGETPEGAQKQLAKYIQQVDDQVNEELEQDLKDNIALRMKNLQDSLKTQEVVAQEQKDLRIRQIQEALQYANQAQVTKPQIQQTQDVTQDTMFLLGSEALESMIKHEATRPLVFSSSYYQTRQNLLDIDNLDVDKLDIHAYRYVMKPTLPIRRDSPKKAITLILAVLLGGMVGAGIVLGRNALRNYNAK
BAQ01304.1	Escherichia coli	AB812036	MAIIAKLWRLKIISSVRVMMRVENNNVSGQNHDPEQIDLIDLLVQLWRGKMTIIISVIVAIALAIGYLAVAKEKWTSTAIVTQPDVGQIAGYTNAMNVIYGSAVPKVSDIQASLIGRYSTAFSALAETLDNQEEAEKLTIEPTVKNQSLPLAVSYVGETPEGAQKLLAKYIQQVDDQVNEELGKDLKDNIALRMKNLQDSLKTQEVVAQEQKDLRIRQIQEALQYANQAQVTKPQVQQTEDVTQDTLFLLGSEALESMIKHEATRPLVFSPNYYQTRQNLLDIESLKVDDLDIHAYRYVMKPTLPIRRDSPKKAITLILAVLLGGMVGAGIVLGRNALRNYNAK
BAQ01324.1	Escherichia coli	AB812037	MRTWKFPSVRVMMRVENNNVSGQNHDPEQIDLIDLLVQLWRGKMTIIISVIVAIALAIGYLAVAKEKWTSTAIITQPDVGQIAGYNNAMNVIYGQTAPKVSDLQETLIGRFSSAFSALAETLDNQEEPEKLTIEPSVKNQQLPLTVSYVGQTAEGAQMKLAQYIQQVDDKVNQELEKDLKDNIALGRKKLQDSLRTQEVVAQEQKDLRIRQIQEALQYANQAQVTKPQVQQTEDVTQDTLFLLGSEALESMIKHEATRPLVFSPNYYQTRQNLLDIESLKVDDLDIHAYRYVMKPTLPIRRDSPKKAITLILAVLLGGMVGAGIVLGRNALRNYNAK
BAQ01366.1	Escherichia coli	AB812039	MAIIAKLWRLKIISSVRVMMRVENNNVSGQNHDPEQIDLIDLLVQLWRGKMTIIISVIVAIALAIGYLAVAKEKWTSTAIVTQPDVGQIAGYNNAINVIYGSAAPKVSEIQSMLIGRFSTTFSALAETLDNQEEPEKLTIEPTVKNQSLPLAVSYVGKTPEGAQKQLAKYIQQVDDQVNEELEQDLKDNIALQMKNLQDSLKTQEVVAQEQKDLRIRQIQEALQYANQAQVTKPQIQQTQDVTQDTMFLLGSEALESMIKHEATRPLVFSSNYYQTRQNLLDIDNLDVDKLDIHAYRYVMKPTLPIRRDSPKKAITLILAVLLGGMVGAGIVLGRNALRNYNAK
BAQ01394.1	Escherichia coli	AB812041	MAIIAKLWRLKIISSVRVMMRVENNNVSGQNHDPEQIDLIDLLVQLWRGKMTIIISVIVAIALAIGYLAVAKEKWTSTAIVTQPDVGQIAGYNNAINVIYGSAAPKVSEIQSMLIGRFSTTFSALAETLDNQEEAEKLTIEPTVKNQSLPLAVSYVGETPEGAQKQLAKYIQQVDDQVNEELEKDLKDNIALRMKNLQDSLKTQEVVAQEQKDLRIRQIQEALQYANQAQVTKPQIQQTQDVTQDTMFLLGSEALESMIKHEATRPLVFSSNYYQTRQNLLDIDNLDVDKLDIHAYRYVMKPTLPIRRDSPKKAITLILAVLLGGMVGAGIVLGRNALRNYNAK
BAQ01425.1	Escherichia coli	AB812043	MAIIAKLWRLKIISSVRVMMRVENNNVSGQNHDPEQIDLIDLLVQLWRGKMTIIISAIVAIALAIGYLAVAKEKWTSTAIVTQPDVGQIAGYNNAINVIYGSAAPKVSEIQSMLIGRFSTTFSALAETLDNQEEPEKLTIEPTVKNQSLPLAVSYVGETPEGAQKQLAQYIQQVDDQVNEELEQDLKDNIALQMKNLQDSLKTQEVVAQEQKDLRIRQIQEALQYANQAQVTKPQIQQTQDVTQDTMFLLGSEALESMIKHEATRPLVFSSNYYQTRQNLLDIDNLDVDKLDIHAYRYVMKPTLPIRRDSPKKAITLILAVLLGGMVGAGIVLGRNALRNYNAK
BAQ01464.1	Escherichia coli	AB812045	MTQNNNTPVNSSNGPEQIDLLDLVLQLWRGKWVIGAFVAVFIIIAGIYIIVAKEKWTSSAIISQPDAAQITTYANALNILYGSAAPSMQDIQNRAIGRFNSSFSALAWALENQEMPEKLTIDTTVKGQALPLSVTYQGESAEAAQKQLAQYIQQVDEQTAKELALDLKDNIKQQITSLNDSLENQEKVAQEQKDLRIKQISEALKNAEAAKITTPQIQQTQDVTQETMFLLGSEALKSMIDNEASRPLVFSGTYYQTKQNLLDIEKLNVKPDTIHVYRYVMKPDLPIRRDSPKKAIALILAVLLGAIIGSGVVLGRNALRNYKPKV
BAQ01501.1	Escherichia coli	AB812047	MRTWKFPSVRVMMRVENNNVSGQNHDPEQIDLIDLLVQLWRGKMTIIISVIVAIALAIGYLAVAKEKWTSTAIITQPDVGQIAGYNNAMNVIYGQAAPKVSDLQETLIGRFSSAFSALAETLDNQEEPEKLTIEPSVKNQQLPLTVSYVGQTAEGAQMKLAQYIQQVDDKVNQELEKDLKDNIALGRKNLQDSLRTQEVVAQEQKDLRIRQIQEALQYANQAQVTKPQIQQTQDVTQDTMFLLGSEALESMIKHEATRPLVFSSNYYQTRQNLLDIDNLDVDKLDIHAYRYVMKPTLPIRRDSPKKAITLILAVLLGGMVGAGIVLGRNALRNYNAK
BAQ01525.1	Escherichia coli	AB812048	MAIIAKLWRLKIISSVRVMMRVENNNVSGQNHDPEQIDLIDLLVQLWRGKMTIIISVIVAIALAIGYLDVAKEKWTSTAIVTQPDVGQIAGYTNAMNVIYGSAVPKVSDIQASLIGRYSTAFSALAETLDNQEEAEKLTIEPTVKNQSLPLAVSYVGETPEGAQKQLAKYIQQVDDQVNEELGKDLKDNIALRMKNLQDSLKTQEVVAQEQKDLRIRQIQEALQYANQAQVTKLQVQQTEDVTQDTLFLLGSEALESMIKHEATRPLVFSPNYYQTRQNLLDIESLKVDDLDIHAYRYVMKPTLPIRRDSPKKAITLILAVLLGGMVGAGIVLGRNALRNYNAK
BAQ01538.1	Escherichia coli	AB812049	MAIIAKLWRLKIISSVRVMMRVENNNVSGQNHDPEQIDLIDLLVQLWRGKMTIIISVIVAIALAIGYLAVAKEKWTSTAIVTQPDVGQIAGYNNAINVIYGSAAPKVSEIQSMLIGRFSTTFSALAETLDNQEEPEKLTIEPTVKNQSLPLAVSYVGETPEGAQKQLAQYIQQVDDQVNEELEQDLKDNIALQMKNLQDSLKTQEVVAQEQKDLRIRQIQEALQYANQAQVTKPQIQQTQDVTQDTMFLLGSEALESMIKHEATRPLVFSSNYYQTRQNLLDIDNLDVDKLDIHAYRYVMKPTLPIRRDSPKKAITLILAVLLGGMVGAGIVLGRNALRNYNAK
BAQ01571.1	Escherichia coli	AB812051	MAIIAKLWRLKIISSVRVMMRVENNNVSGQNHDPEQIDLIDLLVQLWRGKMTIIISVIVAIALAIGYLAVAKEKWTSTAIVTQPDVGQIAGYNNAINVIYGSAAPKVSEIQSMLIGRFSTTFSALAETLDNQEEPEKLTIEPTVKNQSLPLAVSYVGETPEGAQKQLAQYIQQVDDQVNEELEQDLKDNIALQMKNLQDSLKTQEVVAQEQKDLRIRQIQEALQYANQAQVTKPQIQQTQDVTQDTMFLLGSEALESMIKHEATRPLVFSSNYYQTRQNLLDIDNLDVDKLDIHAYRYVMKPTLPIRRDSPKKAITLILAVLLGGMVGAGIVLGRNALRNYNAK
BAQ01590.1	Escherichia coli	AB812052	MAIIAKLWRLKIILSVRVMMRVENNNVSGQNHDPEQIDLIDLLVQLWRGKMTIIISVIVAIALAIGYLAVAKEKWTSTAIVTQPDVGQIAGYNNAINVIYGSAAPKVSEIQSMLIGRFSTTFSALAETLDNQEEPEKLTIEPTVKNQSLPLAVSYVGETPEGAQKQLAKYIQQVDDQVNEELEQDLKDNIALQMKNLQDSLKTQEVVAQEQKDLRIRQIQEALQYANQAQVTKPQIQQTQDVTQDTMFLLGSEALESMIKHEATRPLVFSSNYYQTRQNLLDIDNLDVDKLDIHAYRYVMKPTLPIRRDSPKKAITLILAVLLGGMVGAGIVLGRNALRNYNAK
BAQ01609.1	Escherichia coli	AB812053	MAIIAKLWRLKNISSVRVMMRVENNNVSGQNHDPEQIDLIDLLVQLWRGKMTIIISVIVAIALAIGYLVVAKEKWTSTAIVTQPDVGQIAGYNNAINVIYGSAAPKVSDIQASLIGRYSTAFSALAETLDNQEEAEKLTIEPTVKNQSLPLAVSYVGKTPEGAQKQLAKYIQQVDDQVNEELEQDLKDNIALRMKNLQDSLKTQEVVAQEQKDLRIRQIQEALQYANQAQVTKPQVQQTEDVTQDTLFLLGSEALESMIKHEATRPLVFSPNYYQTRQNLLDIENLKVDDLDIHAYRYVMKPTLPIRRDSPKKAITLILAVLLGGMVGAGIVLGRNALRNYNAK
BAQ01646.1	Escherichia coli	AB812055	MAIIAKLWRLKIISSVRVMMRVENNNVSGQNHDPEQIDLIDLLVQLWRGKMTIIISVIVAIALAIGYLVVAKEKWTSTAIVTQPDVGQIAGYNNAINVIYGSAAPKVSEIQSMLIGRFSTTFSALAETLDNQEEPEKLTIEPTVKNQSLPLAVSYVGETPEGAQKQLAKYIQQVDDQVNEELEQDLKDNIALRMKNLQDSLKTQEVVAQEQKDLRIRQIQEALQYANQAQVTKPQIQQTQDVTQDTIFLLGSEALESMIKHEATRPLVFSPNYYQTRQNLLDIENLKVDDLDIHAYRYVMKPTLPIRRDSPKKAITLILAVLLGGMVGAGIVLGRNAQRNYNVK
BAQ01664.1	Escherichia coli	AB812056	MAIIAKLWRLKIISSVRVMMRVENNNVSGQNHDPEQIDLIDLLVQLWRGKMTIIISVIVAIALAIGYLAVAKEKWTSTAIITQPDVGQIAGYNNAMNVIYGQAAPKVPDLQEALIGRFSSAFSALAETLDNQKEPEKLTIEPSVKNQQLPLTVSYVGQTAEDAQMKLAQYIQQVDDKVNQELEKDLKDNLALGRKNLQDSLRTQEVVAQEQKDLRIRQIQEALQYANQAQVTKPQIQQTGEDITQDTLFLLGSEALESMIKHEATRPLVFSPNYYQTRQNLLDIENLKVDDLDIHAYRYVMKPTLPIRRDSPKKAITLILAVLLGGMVGAGIVLGRNALRNYNSK
BAQ01679.1	Escherichia coli	AB812057	MAIIAKLWRLKIISSVRVMMRVENNNVSGQNHDPEQIDLIDLLVQLWRGKMTIIISVIVAIALAIGYLAVAKEKWTSTAIVTQPDVGQIAGYTNAMNVIYGSAVPKVSDIQASLIGRYSTAFSALAETLDNLEEPEKLTIEPTVKNQSLPLAVSYVGETPEGAQKQLAKYIQQVDDQVNEELEQDLKDNIALRMKNLQDSLKTQEVVAQEQKDLRIRQIQEALQYANQAQVTKPQIQQTQDVTQETMFLLGSDALESMIKREATRPLVFSSNYYQTRQNLLDIDNLDVDKLDIHAYRYVMKPTLPIRRDSPKKAITLILAVLLGGMVGAGIVLGRNALRNYNAK
BAQ01692.1	Escherichia coli	AB812058	MAIIAKLWRLQIISSVRVMMRVENNNVSGQNHDPEQIDLIDLLVQLWRGKMTIIISVIVAIALAIGYLAVAKEKWTSTAIVTQPDVGQIAGYNNAINVIYGSAAPKVSEIQSMLIGRFSTTFSALAETLDNQEEPEKLTIEPTVKNQSLPLAVSYVGETPEGAQKQLAQYIQQVDDQVNEELEQDLKDNIALQMKNLQDSLKTQEVVAQEQKDLRIRQIQEALQYANQAQVTKPQIQQTQDVTQDTMFLLGSEALESMIKHEATRPLVFSSNYYQTRQNLLDIDNLDVDKLDIHAYRYVMKPTLPIRRDSPKKAITLILAVQLGCMVGAGIVLGRNALRNYNAK
BAQ01722.1	Escherichia coli	AB812060	MAIIAKLWRLKIISSVRVMMRVENNNVSGQNHDPEQIDLIDLLVQLWRGKMTIIISVIVAIALAIGYLAVAKEKWTSTAIVTQPDVGQIAGYTNAMNVIYGSAVPKVSDIQASLIGRYSTAFSALAETLDNQEEAEKLTIEPTVKNQSLPLAVSYVGETPEGAQKQLAQYIQQVDDQVNEELEQDLKDNIALQMKNLQDSLKTQEVVAQEQKDLRIRQIQEALQYANQAQVTKPQIQQTQDVTQDTMFLLGSEALESMIKHEATRPLVFSSNYYQTRQNLLDIDNLDVDKLDIHAYRYVMKPTLPIRRDSPKKAITLILAVLLGGMVGAGIVLGRNALRNYNAK
BAQ01739.1	Escherichia coli	AB812061	MAIIAKLWRLKIISSVRVMMRVENNNVSGQNHDPEQIDLIDLLVQLWRGKMTIIISVIVAIALAIGYLTVAKEKWTSTAIVTQPDVGQIAGYTNAMNVIYGPAVPKVSDIQASLIGRYSTAFSALAETLDNQEEAEKLTIEPTVKNQSLPLAVSYVGETPEGAQKQLAKYIQQVDDQVNEELEQDLKDNIALRMKNLQDSLKTQEVVAQEQKDLRIRQIQEALQYANQAQVTKPQIQQTQDVTQDTMFLLGSEALESMIKHEATRPLVFSPNYYQTRQNLLDIENLKADDLDIHAYRYVMKPTLPIRRDSPKKAITLILAVLLGGMVGAGIVLGRNALRNYNAK
BAQ01754.1	Escherichia coli	AB812062	MAIIAKLWRLKIISSVRVMMRVENNNVSGQNHDPEQIDLIDLIDLLVQLWRGKMTIIISVIVAIALAIGYLAVAKEKWTSTAIVTQPDVGQIAGYTNAMNVIYGSAVPKVSDIQASLIGRYSTAFSALAETLDNQEEAEKLTIEPTVKNQSLPLAVSYVGETPEGAQKQLAQYIQQVDDQVNEELEKDLKDNIALRMKNLQDSLKTQEVVAQEQKDLRIRQIQEALQYANQAQVTKPQVQQTEDVTQDTLFLLGSEALESMIKHEATRPLVFSPNYYQTRQNLLDIESLKVDDLDIHAYRYVMKPTLPIRRDSPKKAITLILAVLLGGMVGAGIVLGRNALRNYNAK
BAQ01784.1	Escherichia coli	AB812064	MRTWKFPSVRVMMRVENNNVSGQNHDPEQIDLIDLLVQLWRGKMTIIISVIVAIALAIGYLVVAKEKWTSTAIITQPDVGQIAGYNNAMNVIYGQAAPKVPDLQEALIGRFSSAFSALAETLDNQKEPEKLTIEPSVKNQQLPLTVSYVGQTAEDAQMKLAQYIQQVDDKVNQELEKDLKDNLALGRKNLQDSLRTQEVVAQAQKDLRIRQIQEALQYANQAQVTKPQIQQTGEDITQDTLFLLGSEALESMIKHEATRPLVFSPDYYQTRQNLLDIENLKVDDLDIHAYRYVMKPTLPIRRDSPKKAITLILAVLLGGMVGAGIVLGRNALRNYNSK
BAQ01804.1	Escherichia coli	AB812065	MAIIAKLWRLKIISSVRVMMRVENNNVSGQNHDQEQIDLIDLLVQLWRGKMTIIISVIVAIALAIGYLAVAKEKWTSTAIITQPDVGQIAGYNNAMNVIYGQAAPKVPDLQEALIGRFSSAFSSLAETLDNQKEPEKLTIEPSVKNQQLPLTVSYVGQTAEDAQMKLAQYIQQVDDKVNQELEKDLKDNLALGRKNLQDSLRTQEVVAQEQKDLRIRQIQEALQYANQAQVTKPQIQQTGEDITQDTLFLLGSEALESMIKHEATRPLVFSPDYYQTRQNLLDIENLKVDDLDIHAYRYVMKPTLPIRRDSPKKAITLILAVLLGGMVGAGIVLGRNALRNYNSK
BAQ01817.1	Escherichia coli	AB812066	MVIIAKLWRLKIISSVRVMMRVENNNVSGQNHDPEQIDLIDLLVQLWRGKMTIIISVIVAIALAIGYLAVAKEKWTSTAIVTQPDVGQIAGYTNAMNVIYGPAVPKVSDIQTSLIGRYSTAFSALAETLDNQEEPEKLTIEPTVKNQSLPLAVSYVGETAEGAQKQLAQYIQQVDDQVNEELEKDLKDNIALRMKNLQDSLKTQEVVAQEQKDLRIRQIQEALQYANQAQVTKPQVQQTEDVTQDTLFLLGSEALESMIKHEATRPLVFSSNYYQTRQNLLDIESLKVDDLDIHAYRYVMKPTLPIRRDSPKNAITLILAVLLGGMVGAGIVLGRNALRNYNAK
BAQ01853.1	Escherichia coli	AB812068	MAIIAKLWRLKIISSVRVMMRVENNNVSGQNHDPEQIDLIDLLVQLWRGKMTIIISVIVAIALAIGYLAVAKEKWTSTAIVTQPDVGQIAGYTNAMNVIYGPAVPKVSDIQTSLIGRYSTAFSALAETLDNQEEPEKLTIEPTVKNQSLPLAVSYVGETAEGAQKQLAQYIQQVDDQVNEELEKDLKDNIALRMKNLQDSLKTQEVVAQEQKDLRIRQIQEALQYANQAQVTKPQVQQTEDVTQDTLFLLGSEALESMIKHEATRPLVFSSNYYQTRQNLLDIESLKVDDLDIHAYRYVMKPTLPIRRDSPKKAITLILAVLLGGMVGAGIVLGRNALRNYNAK
BAQ01870.1	Escherichia coli	AB812069	MAIIAKLWRLKIISSVRVMMRVENNNVSGQNHDPEQIDLIDLLVQLWRGKMTIIISVIVAIALAIGYLAVAKEKWTSTAIVTQPDVGQIAGYTNAMNVIYGSAVPKVSDIQASLIGRYSTAFSALAETLDNQEEAEKLTIEPTVKNQSLPLAVSYVGETAEGAQKQLAKYIQQVDDQVNEELEKDLKDNIALRMKNLQDSLKTQEVVAQEQKDLRIRQIQEALQYANQAQVTKPQVQQTEDVTQDTLFLLGSEALESMIKHEATRPLVFSPNYYQTRQNLLDIESLKVDDLDIHAYRYVMKPTLPIRRDSPKKAITLILAVLLGGMVGAGIVLGRNALRNYNAK
BAQ01883.1	Escherichia coli	AB812070	MAIIAKLWRLKIISSVRVMMRVENNNVSGQNHDPEQIDLIDLLVQLWRGKMTIIISVIVAIALAIGYLAVAKEKWTSTAIVTQPDVGQIAGYTNAMNVIYGSAVPKVSDIQASLIGRYSTAFSALAETLDNQEEAEKLTIEPTVKNQSLPLAVSYVGETPEGAQKQLAKYIQQVDDQVNEELEKDLKDNIALRMKNLQDSLKTQEVVAQEQKDLRIRQIQEALQYANQAQVTKPQVQQTEDVTQDTLFLLGSEALESMIKHEATRPLVFSPNYYQTRQNLLDIESLKVDDLDIHAYRYVMKPTLPIRRDSPKKAITLILAVLLGGMVGAGIVLGRNALRNYNAK
BAQ01900.1	Escherichia coli	AB812071	MAIIAKLWRLKIISSVRVMMRVENNNVSGQNHDPEQIDLIDLLVQLWRGKMTIIISVIVAIALAIGYLAVAKEKWTSTAIVTQPDVGQIAGYTNAMNVIYGPAVPKVSDIQASLIGRYSTAFSALAETLDNQEEAEKLTIEPTVKNQSLPLAVSYVGETAEGAQKQLAKYIQQVDDQVNEELEKDLKDNIALRMKNLQDSLKTQEVVAQEQKDLRIRQIQEALQYANQAQVTKPQVQQTEDVTQDTLFLLGSEALESMIKHEATRPLVFSPNYYQTRQNLLDIESLKVDDLDIHAYRYVMKPTLPIRRDSPKKAITLILAVLLGGMVGAGIVLGRNALRNYNAK
BAQ01927.1	Escherichia coli	AB812073	MAIIAKLWRLKIISSVRVMMRVENNNVSGQNHDPEQIDLIDLLVQLWRGKMTIIISVIVAIALAIGYLAVAKEKWTSTAIVTQPDVGQIAGYTNAMNVIYGSAVPKVSDIQASLIGRYSTAFSALAETLDNQEEPEKLTIEPIVKNQSLPLAVSYVGETAEGAQKQLAQYIQQVDDQVNEELEKDLKDNIALRMKNLQDSLKTQEVVAQEQKDLRIRQIQEALQYANQAQVTKPQVQQTEDVTQDTLFLLGSEALESMIKHEATRPLVFSSNYYQTRQNLLDIESLKVDDLDIHAYRYVMKPTLPIRRDSPKKAITLILAVLLGGMVGAGIVLGRNALRNYNAK
BAQ01939.1	Escherichia coli	AB812074	MRTWKFPSVRVMMRVENNNVSGQNHDPEQIDLIDLLMQLWRGKMTIIISVIVAIALAIGYLAVAKEKWTSTAIVTQPDVGQIAGYNNAMNVIYGQAAPKVSDLQETLIGRFSSAFSALAETLDNQEEPEKLTIEPSVKNQQLPLTVSYVGQTAEGAQMKLAQYIQQVDDKVNQELEKDLKDNIALGRKNLQDSLRTQEVVAQEQKDLRIRQIQEALQYANQAQVTKPQVQQTEDVTQDTLFLLGSEALESMIKHEATRPLVFSPNYYQTRQNLLDIESLKVDDLDIHAYRYVMKPTLPIRRDSPKKAITLILAVLLGGMVGAGIVLGRNALRNYNAK
BAQ01969.1	Escherichia coli	AB812076	MAIIAKLWRLKIISSVRVMMRVENNNVSGQNHDLEQIDLIDLLVQLWRGKMTIIISVIVAIALAIGYLAVAKEKWTSTAIVTQPDVGQIAGYTNAMNVIYGSAVPKVSDIQASLIGRYSTAFSALAETLDNQEEAEKLTIEPTVKNQPLPLAVSYVGETPEGAQKQLAKYIQQVDDQVNEELEKDLKDNIALRMKNLQDSLKTQEVVAQEQKDLRIRQIQEALQYANQAQVTKPQVQQTEDVTQDTLFLLGSEALESMIKHEATRPLVFSPNYYQTRQNLLDIENLKVDDLDIHAYRYVMKPTLPIRRDSPKKAITLILAVLLGGMVGAGIVLGRNALRNYNSK
BAQ02005.1	Escherichia coli	AB812078	MAIIAKLWRLKIISSVRVMMRVENNNVSGQNHDPEQIDLIDLLVQLWRGKMTIIISVIVAIALAIGYLAVAKEKWTSTAIVTQPDVGQIAGYTNAMNVIYGSAVPKVSDIQASLIGRYSTAFSALAETLDNQEEAEKLTIEPTVKNQSLPLAVSYVGETPEGAQKQLAKYIQQVDDQVNEELGKDLKDNIALRMKNLQDSLKTQEVVAQEQKDLRIRQIQEALQYANQAQVTKPQIQQTQDVTQDTMFLLGSEALESMIKHEATRPLVFSSNYYQTRQNLLDIDNLDVDKLDIHAYRYVMKPTLPIRRDSPKKAITLILAVLLGGMVGAGIVLGRNALRNYNAK
BAQ02020.1	Escherichia coli	AB812079	MLLTEQFIIFITYPIAFTRIIAKLWRLKIISSVRVMMRVENNNVSGQNHDPEQIDLIDLLVQLWRGKMTIIISVIVAIALAIGYLAVAKEKWTSTAIVTQPDVGQIAGYTNAMNVIYGPAVPKVSDIQASLIGRYSTAFSALAETLDNQEEAEKLTIEPTVKNQSLPLAVSYVGETPEGAQKQLAKYIQQVDDQVNEELEKDLKDNIALRMKNLQDSLKTQEVVAQEQKDLRIRQIQEALQYANQAQVTKPQIQQTQDVTQDTMFLLGSDALESMIKHEATRPLVFSPNYYQTRQNLLDIESLKVDDLDIHAYRYVMKPTLPIRRDSPKKAITLILAVLLGGMVGAGIVLGRNALRNYNAK
BAQ02041.1	Escherichia coli	AB812080	MRTWKFPSVRVMMRVENNNVSGQNHDPEQIDLIDLLVQLWRGKMTIIISVIVAIALAIGYLAVAKEKWTSTAIITQPDGGQIAGYNNAMNVIYGQAAPKVSDLQETLIGRFSSAFSALAETLDNQEEPEKLTIEPSVKNQQLPLTVSYVGQTAEGAQMKLAQYIQQVDEKVNQELEKDLKDNIALGRKNLQDSLRTQEVVAQEQKDLRIRQIQEALQYANQAQVTKPQVQQTEDVTQDTLFLLGSEALESMIKHEATRPLVFSPNYYQTRQNLLDIENLKVDDLDIHAYRYVMKPTLPIRRDSPKKAITLILAVLLGGMVGAGIVLGRNALRNYNAK
BAQ02055.1	Escherichia coli	AB812081	MVIIAKLWRLKIISSVRVMMRVENNNVSGQNHDPEQIDLIDLLVQLWRGKMTIIISVIVAIALAIGYLAVAKEKWTSTAIVTQPDVGQIAGYTNAMNVIYGSAVPKVSDIQASLIGRYSTAFSALAETLDNQEEAEKLTIEPTVKNQSLPLAVSYVGETPEGAQKQLAKYIQQVDDQVNEELEKDLKDNIALRMKNLQDSLKTQEVVAQEQKDLRIRQIQEALQYANQAQVTKPQVQQTEDVTQDTLFLLGSEALESMIKHEATRPLVFSPNYYQTRQNLLDIESLKVDDLDIHAYRYVMKPTLPIRRDSPKKAITLILAVLLGGMVGAGIVLGRNALRNYNAK
BAQ02077.1	Escherichia coli	AB812082	MAIIAKLWRLKIISSVRVMMRVENNNVSGQNHDPEQIDLIDLLVQLWRGKMTIIISVIVAIALAIGYLAVAKEKWTSTAIVTQPDVGQIAGYTNAMNVIYGSAVPKVSDIQTSLIGRYSTAFSALAETLDNQEEAEKLTIEPTVKNQPLPLAVSYVGETPEGAQKQLAKYIQQVDDQVNEELEKDLKDNIALRMKNLQDSLKTQEVVAQEQKDLRIRQIQEALQYANQAQVTKPQVQQTEDVTQDTLFLLGSEALESMIKHEATRPLVFSPNYYQTRQNLLDIESLKVDDLDIHAYRYVMKPTLPVRRDSPKKAITLILAVLLGGMVGAGIVLGRNALRNYNAK
BAQ02097.1	Escherichia coli	AB812083	MAIIAKLWRLKIISSVRVMMRVENNNVSGQNHDPEQIDLIDLLVQLWRGKMTIIISVIVAIALAIGYLAVAKEKWTSTAIVTQPDVGQIAGYTNAMNVIYGSAVPKVSDIQASLIGRYSTAFSALAETLDNQEEAEKLTIEPTVKNQSLPLAVSYVGETPEGAQKQLAKYIQQVDDQVNEELEKDLKDNIALRMKNLQDSLKTQEVVAQEQKDLRIRQIQEALQYANQAQVTKPQIQQTQDVTQDTMFLLGSEALESMIKHEATRPLVFSSNYYQTRQNLLDIDNLDVDKLDIHAYRYVMKPTLPIRRDSPKKAITLILAVLLGGMVGAGIVLGSNALRNYNAK
BAQ02109.1	Escherichia coli	AB812084	MRTWKFPSVRVMMRVENNNVSGQNHDPEQIDLIDLLMQLWRGKMTIIISVIVAIALAIGYLAVAKEKWTSTAIVTQPDVGQIAGYNNAMNVIYGQAAPKVSDLQETLIGRFSSAFSALAETLDNQEEPEKLTIEPSVKNQQLPLTVSYVGQTAEGAQMKLAQYIQQVDDKVNQELEKDLKDNIALGRKNLQDSLRTQEVVAQEQKDLRIRQIQEALQYANQAQVTKPQVQQTEDVTQDTLFLLGSEALESMIKHEATRPLVFSPNYYQTRQNLLDIESLKVDDLDIHAYRYVMKPTLPIRRDSPKKAITLILAVLLGGMVGAGIVLGRNALRNYNAK
BAQ02127.1	Escherichia coli	AB812085	MAIIAKLWRLKIISSVRVMMRVENNNVSGQNHDPEQIDLIDLLVQLWRGKMTIIISVIVAIALAIGYLVVAKEKWTSTAIVTQPDVGQIAGYNNAINVIYGSAAPKVSEIQSMLIGRFSTTFSALAETLDNQEEPEKLTIEPTVKNQSLPLAVSYVGETPEGAQKQLAKYIQQVDDQVNEELEKDLKDNIALRMKNLQDSLKTQEVVAQEQKDLRIRQIQEALQYANQAQVTKPQIQQTQDVTQDTMFLLGSEALEAMIKHEATRPLVFSSSYYQTRQNLLDIDNLDVDKLDIHAYRYVMKPTLPIRRDSPKKAITLILAVLLGGMVGAGIVLGRNALRNYNAK
BAQ02181.1	Escherichia coli	AB972416	MRTWKFPSVRVMMRVENNNVSGQNHDPEQIDLIDLLMQLWRGKMTIIISVIVAIALAIGYLAVAKEKWTSTAIVTQPDVGQIAGYNNAMNVIYGQAAPKVSDLQETLIGRFSSAFSALAETLDNQEEPEKLTIEPSVKNQQLPLTVSYVGQTAEGAQMKLAQYIQQVDDKVNQELEKDLKDNIALGRKNLQDSLRTQEVVAQEQKDLRIRQIQEALQYANQAQVTKPQVQQTEDVTQDTLFLLGSEALESMIKHEATRPLVFSPNYYQTRQNLLDIESLKVDDLDIHAYRYVMKPTLPIRRDSPKKAITLILAVLLGGMVGAGIVLGRNALRNYNAK
BAQ02232.1	Escherichia coli	AB972419	MAIIAKLWRLKIISSVRVMMRVENNNVSGQNHDPEQIDLIDLLVQLWRGKMTIIISVIVAIALAIGYLAVAKEKWTSTAIVTQPDVGQIAGYTNAMNVIYGPAVPKVSDIQASLIGRYSTAFSALAETLDNQEEAEKLTIEPTVKNQSLPLAVSYVGETPEGVQKQLAKYIQQVDDQVNVELEKDLKDNIALRMKNLQDSLRTQEVVAQEQKDLRIRQIQEALQYANQAQVTKPQIQQTGEDITQDTLFLLGSEALESMIKHEATRPLVFSPNYYQTRQNLLDIESLKVDDLDIHAYRYVMKPTLPIRRDSPKKAITLILAVLLGGMVGAGIVLGRNALRNYNAK
BAQ02264.1	Escherichia coli	AB972421	MAIIAKLWRLKIISSVRVMMRVENNNVSGQNHDPEQINLIDLLVQLWRGKMTIIISVIVAIALAIGYLAVAKEKWTSTAIVTQPDVGQIAGYTNAMNVIYGSAVPKVSDIQASLIGRYSTAFSALAETLDNQEEAEKLTIEPTVKNQSLPLAVSYVGETPEGAQKQLAKYIQQVDDQVNEELEKDLKDNIALRMKNLQDSLKTQEVVAQEQKDLRIRQIQEALQYANQAQVTKPQVQQTEDVTQDTLFLLGSEALESMIKHEATRPLVFSPNYYQTRQNLLDIESLKVDDLDIHAYRYVMKPRLPIRRDSPKKAITLILAVLLGGMVGAGIVLGRNALRDYNAK
AKA20940.1	Yersinia pseudotuberculosis	KJ504353	MSNKQTQSNLDNPIPNNYDFSNISSSKNEIDFFELFGVIFSSKLKIIFITFVFIIIGLGISYILPQKWTSTAIIALPGDEQVQVLDELVTNLTVLDIKVDVSANYLLSTFKQNFDSQDLREQYLVNTNYFKRLMKDNPEDGLDKRALIERIVNENISSVNPVKDKTEGDNEYRYYKLSYSASTPTDARDLLQGSINYINTIVNADVFRKIQRAVDLAKGIGTDKYSMELLKARNNQKVKIERLRYASSIADAAGVKKPVYSNGSAISDDPDFPITMGSDALNRKLEIEKSVIDLASINTELLNRKLYLDKLNRLEIPNVNIVPFKYLQQPTEPTKRDAPKRALIVILFALVGLMGSVGFVLVEHFVRERKREEEGLKLSQTKE
AKA20956.1	Yersinia pseudotuberculosis	KJ504354	MSNKQARNNLDNPMPNNYDFSNVSSSRNEIDLFEIFGVVFKSKFKIILITLFFLISGLVVSYILPQKWTSTAIIALPGDEQVQVLDELITNLTVLDIKVDVSANYLLSTFKQNFDSQDLREQYLVNTNYFKRLMKNNPEDGLDKRALIERIVNENISSVNPLKDKTEGENEYRYYKLSYSASTPTDARDLLQGSINYVNTIVNADVFRKIQRAVDLAKGIGTDKYSMELLKARNNQKVKIERLRYASSIADAAGVKKPVYSNGSAISDDPDFPITMGSDALNRKLEIEKSVIDLASINTELLNRKLYLDKLNRLEIPNVNIVPFKYLQQPTEPTKRDAPKRALIVILFALVGLMGSVGFVLVEHFVRERKREEEGLKLSQTKE
AKA20971.1	Yersinia pseudotuberculosis	KJ504355	MSNKQARNNLDNPMPNNYDFSNVSSSRNEIDLFEIFGVVFKSKFKIILITLFFLISGLVVSYILPQKWTSTAIIALPGDEQVQVLDELITNLTVLDIKVDVSANYLLSTFKQNFDSQDLREQYLVNTNYFKRLMKNNPEDGLDKRALIERIVNENISSVNPLKDKTEGENEYRYYKLSYSASTPTDARDLLQGSINYVNTIVNADVFRKIQRAVDLAKGIGTDKYSMELLKARNNQKVKIERLRYASSIADAAGVKKPVYSNGSAISDDPDFPITMGSDALNRKLEIEKSVIDLASINTELLNRKLYLDKLNRLEIPNVNIVPFKYLQQPTEPTKRDAPKRALIVILFALVGLMGSVGFVLVEHFVRERKREEEGLKLSQTKE
AKA20989.1	Yersinia pseudotuberculosis	KJ504356	MSNKQARSNLDSPIPNNYDFSNVSSSRNVIDLFEIFSVVFKSKFKIILITLFLLISGLVVSYILPQKWTSTAIIALPGDEQVQVLDELITNLTVLDIKVDVSANYLLSTFKQNFDSQDLREQYLVNTNYFKRLMKNNPEDGLDKRALIERIVNENISSVNPLKDKTEGENEYRYYKLSYSASTPTDARDLLQGSINYVNTIVNADVFRKIQRAVDLAKGIGTDKYSMELLKARNNQKVKIERLRYASSIADAAGVKKPVYSNGSAISDDPDFPITMGSDALNRKLEIEKSVIDLASINTELLNRKLYLDKLNRLEIPNVNIVPFKYLQQPTEPTKRDAPKRALIVILFALVGLMGSVGFVLVEHFVRERKREEEGLKLSQTKE
AKA21007.1	Yersinia pseudotuberculosis	KJ504357	MSNKQTQSNLDNPIPNNYDFSNISSSKNEIDFFELFGVIFSSKLKIIFITFVFIIIGLGISYILPQKWTSTAIIALPGDEQVQVLDELVTNLTVLDIKVDVSANYLLSTFKQNFDSQDLREQYLVNTNYFKRLMKDNPEDGLDKRALIERIVNENISSVNPVKDKTEGDNEYRYYKLSYSASTPTDARDLLQGSINYINTIVNADVFRKIQRAVDLAKGIGTDKYSMELLKARNNQKVKIERLRYASSIADAAGVKKPVYSNGSAISDDPDFPITMGSDALNRKLEIEKSVIDLASINTELLNRKLYLDKLNRLEIPNVNIVPFKYLQQPTEPTKRDAPKRALIVILFALVGLMGSVGFVLVEHFVRERKREEEGLKLSQTKE
AKL88159.1	Yersinia pseudotuberculosis	KM454907	MSNKQARNNLDNPMPNNYDFSNVSSSRNEIDLFEIFGVVFKSKFKIILITLFFLISGLVVSYILPQKWTSTAIIALPGDEQVQVLDELITNLTVLDIKVDVSANYLLSTFKQNFDSQDLREQYLVNTNYFKRLMKNNPEDGLDKRALIERIVNENISSVNPLKDKTEGENEYRYYKLSYSASTPTDARDLLQGSINYVNTIVNADVFRKIQRAVDLAKGIGTDKYSMELLKARNNQKVKIERLRYASSIADAAGVKKPVYSNGSAISDDPDFPITMGSDALNRKLEIEKSVIDLASINTELLNRKLYLDKLNRLEIPNVNIVPFKYLQQPTEPTKRDAPKRALIVILFALVGLMGSVGFVLVEHFVRERKREEEGLKLSQTKE
AAL20983.1	Salmonella enterica subsp. enterica serovar Typhimurium str. LT2	AE006468	MTVDSNTSSGRGNDPEQIDLIELLLQLWRGKMTIIVAVIIAILLAVGYLMIAKEKWTSTAIITQPDAAQVATYTNALNVLYGGNAPKISEVQANFISRFSSAFSALSEVLDNQKEREKLTIEQSVKGQALPLSVSYVSTTAEGAQRRLAEYIQQVDEEVAKELEVDLKDNITLQTKTLQESLETQEVVAQEQKDLRIKQIEEALRYADEAKITQPQIQQTQDVTQDTMFLLGSDALKSMIQNEATRPLVFSPAYYQTKQTLLDIKNLKVTADTVHVYRYVMKPTLPVRRDSPKTAITLVLAVLLGGMIGAGIVLGRNALRSYKPKAL
