protein_accession	organism	sertyope	operon_accession	protein_seq
AAC45844.1	Escherichia coli	K40 gene cluster	AF013583	MLTLLVLFVLFIALVGRKYNRYGIYYSCFIFFYVVCHYFYFLTKDGFYHIELDSDEGLSFLQTSILLILIIITYRTLSSIFKIREPILNGVIIGSGYVLLLMLYFLGVLSYVLQNGIALGLSYNDRLTANTGGGLSIILMYAYIPALILIYISKPSKISLIICLLLSVFCGLIYYVVIGGSRNVLAAGIFSLIYLALYFKHITKKFLALIIVCGVFTLMILELYRYANNITDAINFIMNGGMEVILFAFESFSPMHAVININEALDKRLIEPQYLSTFFNEFSIIIPRFLWEDKPINVLNNGYFYTTEVLSLDTNLTMSPTFLGTSLIMFGSWFYWVGGFISGVILFVFDRSFSHSSNLYWKIILLSSVGYLFFWVRDGFEVFCYILIKFFIVMFIYKNLTIIYKSLARKNEF
AAC32340.1	Escherichia coli	O157:H7	AF061251	MKSAAKLIFLFLFTLYSLQLYGVIIDDRITNFDTKVLTSIIIIFQIFFVLLFYLTIINERKQQKKFIVNWELKLILVFLFVTIEIAAVVLFLKEGIPIFDDDPGGAKLRIAEGNGLYIRYIKYFGNIVVFALIILYDEHKFKQRTIIFVYFTTIALFGYRSELVLLILQYILITNILSKDNRNPKIKRIIGYFLLVGVVCSLFYLSLGQDGEQNDSYNNMLRIINRLTIEQVEGVPYVVSESIKNDFFPTPELEKELKAIINRIQGIKHQDLFYGERLHKQVFGDMGANFLSVTTYGAELLVFFGFLCVFIIPLGIYIPFYLLKRMKKTHSSINCAFYSYIIMILLQYLVAGNASAFFFGPFLSVLIMCTPLILLHDTLKRLSRNENISYNCDL
AAD44158.1	Escherichia coli	O7:K1	AF125322	MRKNFYTTPITLLILTLNIAATIVVINNSELLIGDLMGFKSETVVIIQSLIYISLSLLFLSVLYNGLEKIKPLTTKLADSNSRPIAIFLICLELLYITYVFNTGLFVAGNNERGGGVISALFVLLNVDVLVLIFLTHVKTSKYKPIIIMLWIISFLQRGWISYFFILILISFIDRRLKNKKNWKAGVVLICFILALPFVEQIKNSIRSGERISTQLTFFDYADSFNQQFMKVVGRVQTVSHVAFITDNINQLQNLKNNGESTDFFEENFIYIIAKKLGSADDKINTPDLLARYISPSLDSSWNVNPSLIGWIFIQNDLYVLPIIWVVLLCFLFTMLSKIIANDLYAMNMRWLFWLVFLFPGWIFQFTAVIFSAFSIYFIKVHT
AAD50486.1	Escherichia coli	O113:H21	AF172324	MNTTSVICFIVFLLNPSFGCFLFLLTLFNHEKLSIFFISLFAGILAYNLVPYDTMDLASHYMKFSELHNMSVSDIWSDGVNIFLYLCMKCLNAAGINKEWLPFIATFIGYYILLNALRNNIPAYWCRKEKMICFIIWLLSISFLSLSNGIRSGLSSAFFIYAVICQRNYRHLSFIIYSVLACMMHSFAIPMVILLFSMPLILKRKMLSQRFFKIAIIMSVSLSFLVDINSLIVFIFNNLSFLPYIDQIYNIYIIGDRWGGGASFDTNTFIARLITQAPFFYCILVLLISKRKDDFFILGAILVSVSLFLSQFWVVSERYQYVSVLLVTLHLIFNNEYFLLRRKIIILLYFVIQTAVLIWGLYRFRYMILPSLEFIIYPFLFCFYNTVDMNKLIKV
AAK64372.1	Escherichia coli	serogroup: O104	AF361371	MTSYFIYNFYVLFAIIFAYVHERINLFTSRGVKFLSIGCVFCSLFLLSALRFDVGPDYETYVYIYKNIVAGRIDITYDKYFFGYLSTLFSSLDRGYVLVFAVYSFLTLFFVFKVILERKIFLWGIIVFCFVGFYLDSLDRIRQVLAVAIFLYSIKFIEKKEPLRYFIAIIIASFFHLSALMLMPVYFYNRFKFEPLTLIIGLFGLLVLYLSGFTTEIQALIYNNIPYYNEIYGNSQFAHLQGGFGTGLGFVFHIFLIMFSIYNLKDNYILRNLLFTAGLLMIIAPGNLNIMRFGQYFYISLIIALPLAIKSLKKEYSYNLLLKCLFFCLLFIFFQSQQSRNNYSYQSIFSDSFNSELFTPRSSDRTIINH
CAD19991.1	Escherichia coli	O6:K15:H31	AJ426423	MKVKAVPAITFYLSLMLTILVLLFGNEPNKSQYILVIATITVFYIAYITNKITSPASLLVISSFVFLGCRPLLSLFANYDYRIADWFIEGYMDDDVILANYAITLMYYGYTLGLILCKNTEKFYPHGPYPEKQLLKIKFLLTLFFLGSIGMVVKGIFFFNFIESNSYVDIYQSNITTPIGYDFLSYLFYCSFFLICAFHIQFRTNKKFLFIAICIAAFSTLKGSRSEAITFLLTVTCIYFNEVKTRNLRLLITMIFVFSVIFVISEFISMWRTGGSFFQLMQGNNPVINFVYGMGVSYLSIYQSVKLQLLSGGYNVTYLFSQLIITCSSIFNVKLSLPEISYSHLASYTANPELYNLGFGLGGSYLAESFLAFGLIGCFIIPFLLLLNLNVLEKYTKNKPIIYFVYYSVLPPILFTPRETLFYFFPYLVKSIFVAFLVTLYIQYKKD
AAN60459.1	Escherichia coli	O26:K60:H311b	AF529080	MYYIIFVMVLGLWIIAFNYARANKLSNLVIVLIITTLFIINRQNQDYEAYVDIFNVNELYAEIGYRWLIYGVKYLGGTHEVIIGLLGLFLGTTFLRLIQYSKYTAFGLLLYMLCPMPIDIVQIRNTFLFLFVINSLIELEKEHKFNSLCFVFMAPLFHSLGIVYVLAWVIIQFRTWRGYNKLMVFGLVLSFIVVPLLIKMLILLFNTRTLHAYIADGIKVHSLIIWAGPYLFDLFLLCYFRKKIVITDLHTKQWIDIIFSLMLFLSVFSPLLLYIDEINRIFRNALLLKYLVMMSIAQYLSRPTRYILYSYLLLFTFALSIYYTLQIDYDYIVFGLPYSL
AAK60458.1	Escherichia coli	"Shiga toxin-producing Escherichia coli (STEC); assignment of these genes was in accordance with the Bacterial Polysaccharide Gene Database (BPGD)"	AY035396	MKASSVLTPYLNWFYGFLCFLSLWPFFSWKWPAIPVSFIAICFFLFLFDLCYINKLKVNKKIFLIIFSTLFVLILFILLPGGIPPWFNYYSLFLFLFLLLPRKRIFEISLKFRSIFIFSLLPGLVIYALLIIGVKLPYGILDAHNELKDSLGIYYRDYIGTVALSHLVLTVGDSTIIRFSGMLDEPGLLGTISALLLLADKLNFKHKSNYVLLLSGVISISLAFYLLILMGLIFQTRRKIISLAIVFLIGIAIYHSPFYENFLQKRISDSESGLVFRDNRISDCFKEYYTAFENDSELNLFFGIGNNAHLRTGCDVSSYKMYIYDYGYLGFITIALLQIMQYMIPIMGGYACKFLKASFVFICLFILSYYQRPIFFNLAFSMIFYYSIFTYLKTVGISATNKK
AAO39700.1	Escherichia coli	O121	AY208937	MINLNPVAILTLLYLSINFLSMLIGCSSGEIQVETSIFRVSEESLIYSFLLQAICLIFLYYIYKYFTNRISYPPLTFKAKWGRALLIIQIAFIIFNTQMGVNTAGSVERIEGQSLSNYLFIILQPDILVAVISVCLNSGFLFWTNILVYLLSMFLRGWMGGTFVILFLILSRYQNLRISLKTFLVSLCSLLLLFSILPALIEAKWAMRTGISLSVFISNMSSYVTPENYYAGINYLLNRFQHVGHLALIYENADDLFKKYNAGYFSSYYMDGIPQYLLVKMYNLDMYKLSFYLVQYFFDITEPTWNINTGVVGWLYILRYESILFAFYIMLLLLVPYYVVSRFAGKRMLSVLACFSIIYLFHGWLGAYVNLAFYACIISLLANIRLYRTVYIPCEK
AAO37717.1	Escherichia coli	O86:B7	AY220982	MVKIKTPRLLCVIRKEKVGMVISRSNYRNICSYTFFMVNLFILILSVINEGFCEIAYVIISVSSVLFCVIIICLERQGGFLNPMTFCIISVFFFILIRPVFFSQNITENLNEVITAGLEIDEIYVFYSLAVVNISLAFTVLLYSVQKGTVSKLVGQLPDLFFYNKQLSMILLWGGGLFSAIFLIKSYKKFIILGQVSVFEADAYGLHDELFWFTLSKYCYILSLLFSKNKNFILYSLLIFITSIGYILVGLRGYTIAYGFLLLFFLDIRYRLKIKWLLLVAILVTTISSLILNYRIGIEVNSGLLGIIFNPLLQQGASFETVYGALKYNEKILSCISYYDYFFTNKDIGSCIDIARGVYFKEGGSFASSFYSELIYFGWIIGSVALLLFAFSLAFVQSCYEKIIKNSMNNKLAYTYRLIIFLALPNLIYFARSSLFDFITKVLFIALFIGGLSIVRHIALNIKKCH
AAO37701.1	Escherichia coli	O128:B12	AY217096	MISYGVLFLFSYINAVLQKRVTVTLLFFIMIIVSFFKYNIGFDWGNYHEIYLQQGDGFFFYEPLFSLLIILSNKVALEYKYFISMCSLITLIVYYSGMRCFARDIKELALALTYFVVSYCYFEHFNIIRQTLAIALFFYSWKYIIETNFIMYSLFIFFASMIHAAAVVLLPFYFFLRIDNFKPVYYGIVVLFIIIVVRFDINSILLSSLNLFKNFDFVARYLANSTDLADFASKKSDLGLSKMYPAIIFVFCCFWGGIRLESRRDYVFFNAGFIAITLLLLSYQVDILFRFFSFFETSFVLLYCIIFSGFNKKSKIILHMVNLIVYTVMTFNMLSVMGLIPYESYIF
AAR90892.1	Escherichia coli	O127:K63(B8)	AY493508	MMQITIPKSNDFRRFFNPVILILMSIVLNTFFQLYTSEEEWNSFFIFNQKPDYTVFFISLVFYLFFLFGAFFAYLFNYQKHSNHRSHYLYNFSFYNGLLKFVFYSNVISLIVTQYYMHEANIYNIYISGGVSAQTIESQIASSPLGIHGISVMLGYFGIIMYGISRLIKDNRAIVFISILVIIIKFISYAKLQSLLYVLLALMLFSRRRISINKGVIIGGVVIFLFSFTRIIRNPEQNLSLSFDFLFRFVGGFYFGSPVVNFNYVIQNNIQDVFYFFNWFLPQKIIPASPISLEFPDVTSPIGFVGSAYVSLGIFSVIYAYLVGFIIQLIYLQRNTSPFAFVFQPFVIMACIFAMMYNNFVNMIFFILPLIFSYLVVIKTICARKEDV
AAT28922.1	Escherichia coli	NA	AY545992	MYNMSVNKKITKMFVFCEFLCGLYILFYGEYVSDYLNVETNVKHIYIICFLICIVFFHYLFLYSWCILSVLFFRKSKLTTSVNINSIFLLLVIIYFIFLLKTGSGKVYADGGSIGELSSFDKLLFFPIIILKLNFLIYIYAAGCKKKDNIYYLVLFIFLICELYRGVSFSILLIALIEIEKIKRCFRIKCLLISLPLFVLFVNIVYNIKFMVRLGEHYDYLDIFQTLIMLLGRLSIISNVLYNYEHYYSVSNFVEGFGYSAINEFLEKLTPMPSLFGITEKTTEIGKLIFYHSYGRWDSAIAISVLGILSIVPGQLLEICAILIISFVFIQLIINMLDNTEQQNTVAFFFIILTLYQGFWGLLANYVYALFIYLIIIASCNLMMSKSKGRL
AAT77177.1	Escherichia coli	O114	AY573377	MVTLFMEIILFISLSLFLILVYRVIANFSGVLALDFISFWFYTYIVFAFLGSLIIITGFGDDSYFVQPLSAHARNVFFGGSLMVLYAGLGTFSIFLLVLSLFLGKHRYKEKLIEKCTSESYDKITLAMLFIILMLVFFYYLISTFPSPLYLGLINASSEDIALRRIEVTKNLSNIANTYIISIGMLMSYIVSYAYLALFSIHKKYPIRTFLSVLIASIFILSTGEKGPFLFYILGALICCSYAQGKIRRVSIKLIAITLFFLFLIYFIFVSSELSMITALIFDRIFIAQVISVYLSFDFYSNLGDIGFASLSNVFTKLYDSKSVMPASEELMSVYYPEMLKLGGWNVNGLFISEAWANFGVLGAIISPVIVGIENGILLSILMKIKKSPMQCAFYAYFTVKCVYFLTSFNAYLYHSDWIVCLLVLVLICFLNAIGKHFILKYK
AAT85653.1	Escherichia coli	O4:K3:H5	AY568960	MIYLLFFFALFMICTFLTHRRQALYVVSALVFLFLALTYPSGGDWIGYFLHYDCMVNEQCNNGFIMFEPGYELIVSLFGYLGFQTIIIFIAAVNVILILNFAKHFENGSFVIVAIMCMFLWSVYVEAIRQALALSIVIFGIHSLFLGRKRKFITLVLFASTFHITALICFLLMTPLFSKKLSKIISYSLLIFSSFFFAFSETILSALLAILPEGSIASEKLSFYLATEQYRPQLSIGSGTILDIILIFLICVSFKRIKKYMLANYNAANEILLIGCCLYISFGIFIGKMMPVMTRIGWYGFPFVIVLLYINLGYSEYFKRYINKRGCGYSKLLIAFYFLLQILRPLTYDYSYYNIMHQDTLLNRFDALDDASLRQSAKRKCFDLGKIGYGFLCSI
AAV74376.1	Escherichia coli	serogroup: O59	AY654590	MKKSEFQAEKLIILFYFIINLCTFIIITSSSIYIGDPAGEYYTVPLDIAIILFISNTAIYYLLYLIYRCCVSHIAFHNEVIIKRIETLLFLGVTIALLGFFWIDYGRAEYQSTSPFGFVFRLIPYSVIWLLYVSINSKWNAKSIFLIVYYVAAKIIMGWSGILLALFWVLFIKYYSAKKRSFLFMCMCMTLLVILYFSAPIVYYLKYYIRYAGQFEFNYPVLLSKLTARLSTIQNVLYIYQNTNVFTNLYNKYLFDGFYFIEPITSILPRALLGISATNFETIYVNIVTGEFNPGVIFYLGLFGKLLAYFNTGIYNFGNFFIVTFVLLGGLFILLKLNFKKAANPFIFYTIIQFALSGSIEELSYTLYGICLVLIFCKIRFGIHNENRY
AAV74543.1	Escherichia coli	O15	AY647261	MKYNALMAFLLFFVVFFRLSLIIPFLYLAFIPAFFGIMYLVRNFMITMGNGLVSIDRKNLLLLSIFIIIFLFCMVFDSFQKSQSFQSYFTVRLFMLFLFSFVPAYYLVNRFIKGDLKLMERILVYSLWVQIVIFFGMYISPELKRLLYTFFGMSDSVNLWEQNAKVRGFGLSGEINFMTPFLMIYMSFFMMKRRYALITLICLTQIVNSNMAVIAAIIGIGCSRLNINIKIATVLVLGVLVYSLGAVFFPRFYDEFVSGDGTRTLDILLQQHVFVVGNLDFFNIIFGLQQNISSSIPDIKQSSDMGWVILFNYGGLTFITLFLFLIFTISIATFGMTYQAIIWMLIGIIFNTKGLVLGSNGYFFLSFIYMFLNRVTLSGQSSITNKLGQVSK
AAV74550.1	Escherichia coli	O155	AY657020	MGGFITRLVLLLPLFLLFYFPADHNKDYFNYQTDYDYAIGQFDYLYELSVRFFRDILNYSFSSFWVIVIIVEIIFLTIYYNKVKYILIAYPGIISMSQFFYGTQIRYALAMLIGLVVLKNSRRFIKVFGVLIASLFHYGAVISLLPLFICRYINERYFIFLSKRNIFLIISVLTLLFFFFYSFESFVSMTRFSYYLGAEKFSDSKSTSSIIYAVVSLLFILFLYSKNTAFRTNISKQSIVILILVLIFSPIAVLSGRTMLVYFIMEPLLIASAFTSIKKNSPDYFISLSLSLSLFLFYIARCIYYIVTADFYFYDFL
AAX07747.1	Escherichia coli	serogroup: O45	AY771223	MSIFLMSPGFVYASIWLFTIILYSLGVTTNISPLSNEMVVFLSINVTLGLIFSLPFITPGSINRVRLDEIMPSWRATKIWLIIWCFVIIPDVVAAGGIPMIMQFRGGYNYTEFGIPTYHGIVNMLFLFVFPSLYYHFLLSKRKIILLIILLMSIWEMLVFRRGILMSGLVEIFFLFFIYKKFTKKMFIYTVFSVITIVLLFGAVGDIRGAENPYQYLLSPEGQFLSSLPSGFTWFYVYVTAGLANLAYNFAHIVPVYDFTSFQDLFPSVIRNLIYSDLGFHDTMELVDDNANVSTMFEKLMPDLGIAGSLIVVTCLLLLFSIAYKNLLKSYHYSLFPYAIAMQCAIFSGFYNLFFIQTYFLLFIVTLVFVRIKIFTGSHSHV
AAX58762.1	Escherichia coli	O145	AY863412	MNIKKDKFINGVLFFWLIISSLYYLNAIFSGVDTLKYNEDLTQKIIKYIVCLVISLSILFIYKKFNYFFVLFFFLFLSVASALFSGAVTIYATTMLIIATMISFCLIIPLFSYNMVKVNRVLLWTGVIVGTISVLELTVFYNYMVSYWAATDGIRSISSLLNPTNSGAYSAIIILIALVTNIKSLFKRALFLIMPMITLISSGSRTAWLSLGMTLLLTVVLRDSASIRLRKKIFTLASIGTVCGALYAIFYMGSISGIESQYRGLNTYTASIRVENFLTYLNLVDLNMLLPDFLDKNINLISDNFYLVMFNYAGLIGFFIVLLILLLLIFWNIQFKIFNELMAEDIAIWRVVFIYFLISGLSNSFINSFPVNQLFFISCGYYIYKYKLVKSSIGR
AAY23733.1	Escherichia coli	serogroup: O73	DQ000313	MHKQYYLLLCNKIQFKHLAIYFSVFLSLSSCFLWGGADTFVSQVYIDILATISTALLVILMFYYYINRVRYLSLTLLFAFVFSLIIGLPSIYLYYFKNANHGFEIICIWGMLINSILYLQTTETVIKEEKRYLTSLFYILFSIVALCQLYKILIYLMFILNSGEGHLAIYTESEELLSQVPFFIRAISGFAVVMSLSTFYFKTPTYIKVIAFVLLASDLAIGIRNKFFFSVICIFILYMYSNEYRVRNLFKQLSKPIFLIAGFLCFSMVSYFREGYQIDFMIYIGIVLDSLSSTLGGMQNLFDMQSSGWDQLHPAVVFTQVLPLSGLGFLDDQQIAKDFSIIVLGDVSSGIALSSSGLLESSLLSLNLGVIIYLLYLSGVMLFIKWGLNNQRIIINFVAISMISGFFYAVRGELILPLAFLLKSLPIVLISPLLVKNKIYHGQ
AAY23739.1	Escherichia coli	serogroup: O77	DQ000314	MHKQYYSLLCNKIQFKHLAIYFSVFLSLSSCFLWGGADTFVSQVYIDILATISTALLVVLMFYYYINRVRYLSLTLLFAFVFSLIIGLPSIYLYYFKNANHGFEIICIWGMLINSILYLQTTETVIKEEKRYLTSLFYILFSIVALCQLYKILIYLMFILNSGEGHLAIYTESEELLSQVPFFIRAISGFAVVMSLSTFYFKTPTYIKVIAFVLLASDLAIGIRNKFFFSVICIFILYMYSNEYRVRNLFKQLSKPIFLIAGFLCFSMVSYFREGYQIDFMIYIGIVLDTLSSTLGGMQNLFDMQSSGWDQLHPAVVFTQVLPLSGLGFLDDQQIAKDFSIIVLGDVSSGIALSSSGLLESSLLSLNLGVIIYLLYLSGVMLFIKWGLNNQRIIINFVAISMISGFFYAVRGELILPLAFLLKSLPIVLISPLLVKNKIYHGQ
AAY23745.1	Escherichia coli	serogroup: O106	DQ000315	MHKQYYSLLCNKIQFKHLAIYFSVFLSLSSCFLWGGADTFVSQVYIDILATISTALLVVLMFYYYINRVRYLSLTLLFAFVFSLIIGLPSIYLYYFKNANHGFEIICIWGMLINSILYLQTTETVIKEEKRYLTSLFYILFSIVALCQLYKILIYLMFILNSGEGHLAIYTESEELLSQVPFFIRAISGFAVVMSLSTFYFKTPTYIKVIAFVLLASDLAIGIRNKFFFSVICIFILYMYSNEYRVRNLFKQLSKPIFLIAGFLCFSMVSYFREGYQIDFMIYIGIVLDSLSSTLGGMQNLFDMQSSGWDQLHPAVVFTQVLPLSGLGFLDDQQIAKDFSIIVLGDVSSGIALSSSGLLESSLLSLNLGVIIYLLYLSGVMLFIKWGLNNQRIIINFVAISMISGFFYAVRGELILPLAFLLKSLPIVLISPLLVKNKIYHGQ
AAY28249.1	Escherichia coli	serogroup: O174	DQ008592	MLKRYSNLIFSFVIAFSFFSYVMNPSLKFIYKSPVINFIPFLLCCLITIIFLTEKKIKLNYYELFSILYVGFFFILQYTYFIQSTDSIETLLRLMSVNFSFLFGLLLGWCFKRESIEKLFILWVLLLSIANICGVINYSDGVEFNHLNFTLPLGTVVTWLIFKAFMKDTDRYIFTLSVILFLFFNIIFAGSRTAIFLPILVSLFIMVIFRKYVSIKKTVISFIILITITIISLPYILSNLNAYFLSKVQNMADISEDSRYNLYLKCFNMLLEHPLGIGYGNYKYFITEPYPHNILLEIGLNSGVLGCFVFITYVMITTIVIIKKTKSCYNEKNLFVLTIFLYSLFSWMFSNDFASSSVVFFLLGVLGHIASSNNEKEIK
AAY28257.1	Escherichia coli	serogroup: O177	DQ008593	MKNKGGNVSLIQRVSSLLIALTIYLFLFDVILLGSGAWSINVTGISIRKVEYLTILLMVICTINNIKGYIYFCCATTFCLIFGVVVPFLNDVKLEYAITELLSFYGILLCPLIAQNRYISVNWKKIRKFILFICIISAFIHILIWLLGLMGSGYVDLIKQLCIRVLTANNDDLIDNIIIADTPDGLFRVLLPNSSLLIIGFYLSFQQYLNRKNYIHLLIVFVMLLALYTTWTRALYLSPIIIIGGVLFYKIFPFTLQLGKIGAYNLLSFIILFFIVISTVLVQPTLLSLLGIASESSDGIRYTQVIWIFNTFMNSPVLGTGLGGSAEDVRSLIAPWTYEMSLLALIMKLGLVGVFLFISISAIKIPEFLEGFFDGRRIPVKKVVWIYFSLSVLMMFSTNPFMLSFPGVTITLFILCELNSFKIEKGNI
AAZ20761.1	Escherichia coli	serogroup: O66	DQ069297	MKNKISFYIAYIYIAPIILSLYYISTTNSLLGDFRTYSYKLEWESSLLFLILYFIPLIIIFCVVKMTGKIKVDTFESIKLEKFAFYSIIITGLITLIFGANAIGHPAQTGIAGVIIKIASKLNPLVLLPLLTFTNVSVRKFFFCAAVVIFYGYMQQSLQGIYISVLCAGAFFLLKVRLNGAIFILMLLSPIIFLGPLLDIITHLYTIRNEIRGVSFSVEEIFSLALGRISTTSSLIYTISNSFNTTGVSDYFVFGIVIERLIGVHILDTVSPSQVFNTYILGANADYSIFMGLAGFLYFIKDFTCSVYCKCCVFDLGTDSYILGANADYSIFMGLAGFFVFLLKTSPAVFIVNAACLILVLILIYLLIPVNNVKYRTSVFFLIMYLPFLSFDIWEISIVFQTIIIWRVFLLLSKISFGLK
AAZ85713.1	Escherichia coli	serogroup: O138	DQ109551	MYLRMNNVLYTLSGLLLFLSILLPTTLSIVKIVLLLLLLFSCMFACKNAYSLSRQMVLLILFYSAIGILWVLYGAIRGNPGYLSMSTVLIFYPIIFGILSGLYKERLNEELYKLFIYSAWFLSVITLLIIIDFIWLHFGVFDIATGLYDLDSVVVDNSSGYFKFTIPNISSLIFLIPFLISAIFFRKPPKAHYILLLLLCVLAILSGRRALMLTMFLAPVLAVVITSDRLSNNKIFCRFLLVFVLIGMAIYLFYIAYPDYFIDRVTNILNFDSNTSNLERKYQFDALMAGFYEHPLFGNGAGAAASYLRSDSQPWAYELSYIAFLFQFGLVGFFIYLMGILFIIYTLIRRVKFVGRNSMEFCFLSGFISFMIANATNPYLLKFDYMWLIFIPLGIANSILVKK
AAZ85718.1	Escherichia coli	serogroup: O139	DQ109552	MSFIHILLLIILFYLPFIFLKFGLRKKITHPPTLFCAIFSFVLSMAYIAHITLGFYEISYESYAIYGLGNLSFIAGGMITDALNRRNIKNSTQLVINKQEITLLKILIFTLLLYFPIAYSEFKHATPDMPLALKILRIRERGLEEQVYSTITNNMIILSSCLVMYMTFIFSIKKINVYYYSLTFVLFCAYNFMTGTRAAIILISIACIFIYLLNTNKNNKTSKLFLLSVGMTAIILGALVAIFMGKDGMERDESLLANLNKVVDNYFSYTVQGVILFDNYVIGREKITPNWDILSGSAEVINKITSSNIFKTDSKFSEFSHFAKDKDGNVCTIYFAIYPLYGLVGVILFFLLYGTVCTILYNHGPGIVSVLVGYINATLCLNIFNEQVFINIIFTIKFICFLLLIRCFERIK
ABA42232.1	Escherichia coli	serogroup: O148	DQ167407	MTYFTGFILILFAIIIKRLTPSQSKKNIVLIANAFWGILLVGYAFNEQYFVPLSATTLFFILAFLFFFSMTYILIARSGRVVFSFGTGFIESKYIYWFAGMINIISICFGIILLYNNHFSLKVMREGILDGSVSGFGLGISLPLSFCCMYLARHENKKNYFYCFTLFSFLLAVLSTSKIFLILFLVYIVGINSYVSKKKLLIYGTFVFGLFALSSIILGKFSSDPEGKIISAIFDTLRVYLFSGLAAFNLYVEKNVTLPENLLLYPFKEVWGTTKDIPKTDILPWINTGVWDTNVYTAFAPWYQSLGLYAAIIIGILLGFYYGIWFSFRQNLAVGFYQTFLCFPLLMLFFQEHYLLSWKMHFIYFLCAILLAMRKALEYE
ABB29906.1	Escherichia coli	serogroup: O24	DQ220292	MIPYVMFYCSSLVLVVLSLVLKKYDWFWLLFLLFFSAVFVGLRVDVGADYTEYAQIYNQSGNITNFELGFDIIFNYGKRLGYDYVFVSLFFFLLTTLFFIYSIKELNYKTLIYFCFLLFMFVPLTSTIRQGLAIPFFVMCILNSDRPKVYFTSIALGCLFHYSILFMFFFFWVRHIKQSYCRAFLIVLLFSLLSIFNIVEYIIMLLNYMPGLGAISTKLLMYTQRYQVEFSMNSFVYKLAGLLLITMFMPFIKVNEKLRCSYNLYFITVCIFILLKDNAVLTNRLTYATNISLVTFFSLLLSMIRGFYKKAIVSILFVFYFSFSYFKFTATDLRHSVESAYMPYKSLLIN
ABB29916.1	Escherichia coli	serogroup: O56	DQ220293	MIPYIIFYSLSLTLVVLSLVLKKYDWFWLLFLLFISIIFIGLRVNVGADYTEYVRIYNQSYDTNFELGFDIIFNLFKRFGYDYVFVSLFVFILTSFFFLYSIKSLQHKTLIYFCFLLFMFVPLTSTIRQGLAIPFFIICLLNADRPKVYFMSIAIGCFFHYSILFMLFFFFVRYFKQSYCRAYFIILFFLGLSVFNIVEYMIILLHYIPSLGTLSSKLLMYTQRYNVTLSLTSVAYKLAGLLLVTSFMSFIKINKKLLCSYNLYYISLCLFILFKDNSVFTNRLMYATNISLVTFFSFLLSMMNAFYRKAIVTFLFVIYFSINYFKFTATDLRHSIESAYMPYKSVLIN
ABE98413.1	Escherichia coli	NA	DQ465247	MVNILLCINMIILLICICIYLIALKSKKAPRLFALYLGAFILFIESHIILAITTSFNFGTSEWFFNGEFDYNTKTEVITSINLFIIGMILGSVFIASTITYKSSSYDVTFENKSIARFSWLLLVSILPFVVVYLIKLIAFISSNGFYSLYINGNKISGGYILDLFFLTLYSLLISLKNKKKILFIILCVACVYLFIGTRLEFMFKVFPVLIYYILISKNIHKYFRLKNILAISILFWGLIFSMQYSVSARDNIEMGSNIITTFLKQQGVSVNVIGIAIKDKNNSLLSESVILSPLYDSAISLANSLVGVQSNGNSVEFAENSFSLSHKLSYLEDPSAYLAGYGVGGAAIAELYIVGGYLACLIGGMLTYIFISILEKIAKKSFFNFIFVMLITGKILYSPRGEFLSFMSADRMLILFLIFTFSYKFLLATSNKKMSFKNE
ABE98419.1	Escherichia coli	NA	DQ465248	MYIKFYGFSLMENITIYDYVIVNNGLFNKDAVIVFFIIFYLFGCLINIVSNYVSCIYVLLVLIPLSLLFALNGPDKASYLSLYNAIDTVSDVFKYYNTIDSPLYYITMVLFKNIGLTFYSFMVVQNLIISFSLSYLIYKYKWGYHIAMWLYFTHLLVPFSVRGHLVIITILFANRSVVSKIISSLGLVAIHPLISALPITYQLRGLIRGKRSILIIVLTICALVFSSSYLISKYTSYAINGDEYVKNAGLSLIYIVDAIELLLFWSIIRPIALIDKLFLLFPVVLSFGTIIIPMLGRFSYACDLVYILILINNANRLKNKKTLFMCLSLIALIRFVKNYYSIEYFIL
ABE98437.1	Escherichia coli	NA	DQ465249	MIFFLFRQYPLLKYSSIMNVSCLLFLIFVTFFIKRGVFSSGIFLFSLIFLSVHGLYSLYSGNDPVLISRFYIILILIIVSYYAAIKSISYINIFIFLAVTQAFVIIGLEAFMFLNFRFSDYSAIRNYFIDNQFGDIYTYNGFFYHIQIKGNALLLFSYMISFYLYNKTNNKLYLLSSMFLALAVLFCGNLAFYITFLIHAFIFLFLRKARTYNQLLLKVFIFLITFGVFISYSGMEYLVKAYELKFQGANFSSMGTRFDQFNVLIDDLFENVLTALVGQGLGNIINVQTAVRNYSDYIYYELQAVYFLNQLGVLLFLLFVIINVILTLKFIKPIELRIVYMLYILYALVNPYMLDTNHVVVVFILVSLSSIFSKGGDCSYNGKKHISSYNYI
ABF01010.1	Escherichia coli	serogroup: O28ac	DQ462205	MKQARIKPFSYLSLSFFVLFLIFLNISAVSFDEYLTDLQYSYAYVLFAISLVAVYYAQGESYTSLGFLFNTCLFLFIGGRFIATTFGIDSESVFTLDFMTTYIPTSDEKLEIYTRVVSFQIFLNLGYLFLRKEDSLLNLNKNDNSLPGRLLFLIVIVLFLLCLVEQYSMLSKAMSEGYLARYGDQAESYDAGAAFKYTLLFVFTGLLFATCKKKYIIINFMIYMTLATIIILIGARGAFVSTILMGVWLYGLNKKISLKKLSIIFLSLAGILLIIMNFSARGNYYSNELIDSLLRFLYDQGNTLAVVGYVRTITDYPVFAYISTFLPGSSFFASMFHGGSDLNSYMLSFPAYANYVANPNMYFAGYGLGWSIISSVEMFSADILFIFCIFSVLIGMFLKFANEQAKRNSFWFGAVACLCAKILFTARADIKTIIPLFMYYAIMYLIISTAMRILRQRYG
ABG81806.1	Escherichia coli	serogroup: O123	DQ676934	MYLTTNYCDFLSRTRIVRRIFLLVYLISNVYAYIVFTETGVLIGDYQGVLIIYKDQVVYLLMLTIMSYYIVCGPVFNCLSKVKIRLRTFKGLNSFAYILFFFQILFAVFNISTGSNAAGTDFQTGGVIRLLWLFLPVDYLFYIYYFVGREKKVSKIYLANVVIFILSMLSRGWLGWTLVLLYAELCFFFYSQKKIKIKYLILLFFLLIVAPLAFSLKIQLRADLYSSGIGGVISTLSNIDYIQSYNNFIAGFLSRIQQLSNIVFFYDHQQELYKFVSSDIVSNYAWEGLPQQTVAKLLGLDPGVDMHIFLYSHYISSTSEAVTTLQVGFISWLFLGTLSSVFYPLFVFAIICISLFLSKKLGGEKLCALTWIMIFLSIMCGWYNAYLVYMQALITFYFIMGFLNLITLEKTKINHT
ABI34565.1	Escherichia coli	NA	DQ851855	MKINDLLKKYTLFSLSPLLSAFIQLASIFLLGHSLSGPELGIAGIYNTIVFILVFISDGGSSSYFIYRKFLPKYDVNLINIFNVAISAFAIIIIGYYVPEKSDLLGLIVVSLTVTLPLYNYARLLVEKKYNIIAIVELKSKLLFFITLYIAINEFDYQGSAVVMSWAVSYFLRYCLFWWFSKKIELYKNDNLPQNKPAAILKSWWMYIHNQILSQVLNYFTITFDIFIISHFGGLEKVGVYSLCKDATLKISAVLSPVISKLLISHVVNIEENKISPMYKKVYKATIIISISVFGIWALCGSSIIHFIRPQLDQGILTFIIGWSICGILRMMINPIVSIFQATGKTRNELYVNITSAVSFIFFMGMLSIYFDNIADAVILALICMYSISFVYATVLLRKYFSKIY
ABI98966.1	Escherichia coli	serogroup: O149	DQ868764	MLVTILALFLFIQLLYLISYKRNFNTKSINDILSFIIFLFLIVLFFFRNEDFGADTQNYLNEFDEYCSNPSGYIGVDYTYKYIFDLINFLMLDSCHISWLIWIWPIFVIGCIFSAITIFRVDKIYIIALFSSFIGIELLTNALRQGFSIAVLLLSFCLFIKRRYFLFLIAVTISFLFHQASILIVSIFIISRCSIRIVVPSIVVGVFLLFATNILDVVPWVIEFKKLIYKYLPYADEDFIIRIISIINTLCLCVLYLIVMIKSHCKDKIINNIVINATFVCCIASIVPYLGFRIIYGVYPLLLLLTYCSIRNYIGRVSSYNYLSLSICINIFISIMWLCGSSHMNKIPFVSIII
ABI98976.1	Escherichia coli	serogroup: O141	DQ868765	MEYMLLCFWLAISCCSVKVSLSKINILLIFIFLSGAYSWGYDWIRYREYYENVFLISDLVTWIYEPGFTFILFVNKLLNLDYHWVVVTCTLILSVNVYKYIKVKNHPNFCLLFVFSIFGFMEFAEQIRQGVAISFILLAVDNLLVKKNKKFIFYVICAAMFHISAIVCLLFLYLVKLLDRKNKAFIMLSLIIWAVFLSLHLMFNIYRFFGVSGFIATKLKGYAESDGSESGILSAGLLLNIMVIVICLLSIQGRHLKYYLSSVFSFFVIQSKIVSIAYRFSYYGYAFIYESFEWLYMANKGRLFNKLAMIIVLLVFAFKPLLNPVYLDMFNDYHFFWFGFLDTLPDVNITQVKRCSTLLNHGIQYCRR
ABI98986.1	Escherichia coli	serogroup: O147	DQ868766	MTSDFYNSKDKSLSVLLFFGFIFFLTRSFPFIQYSWIMGGFLCLCIMSFTKKIANGIYHYPVILIFLLALFINFIYSYIKGNDIAIIIRFYIIILFILCAYFCSYGTISIVKIFLYLMVLQAVIISIISIYMTKTYGIGDYSALRHYFLENDYGDVYTYGSGFYRVQIKGNALIPFAFMLHIVIKDYFYYRFKNTITVILAIGTIVAGNFAYFVSICLFFMYIILCSKSNSRYAKLRKIIFGVFLTVILPFFITYSIELIIMKSNGADSSLGVRWDQFTVLINDLTESVSNFVIGSGLGNVIKIQTPIRDYSAYIYYELQSVYFLNQLGVILFTLFLLINLLLTIKIIKYSELCVLYFLYVSYAITNPYILDSNHVAVIIVLVTLSNVLKKMKAK
ABK27321.1	Escherichia coli	O103:H8	EF027106	MYILSMAIPLFFISLCWHRFSHQTQVAFRLLFIVFFSLSFFSYYTNGVDWSVYYLRFIEDEGLFTSFEFGFVIILKLLLIVSDDNFGLAILLYYFLCFVLLSLILKKYKVNEPLFLGCLLLLFGYNLFLEQLRQLLACIIVFYAMLLYNQNKNLIELCILVITASTFHVSAVIILPTIFLISFRNVTTFIIITVSSITSIVVFMIALYSAISSLAAMSFVFAKIDYYLHQYPVVLNFGWLNILDALFILFYMRYRNAIDRQININILTRIIFVGSVIHLFSGSITFLARVCFYFYFVGVYIYCYSLNDKTPRVFAIKNFNTLVLAAFVNVVLLLNFASYFRNEQAPVGFYNMNFQFFNTFNDNYLRTNAYDKYFKGMQGSVD
ABK27350.1	Escherichia coli	shigatoxin-producing clinical strain	EF027115	MYILSMAIPLFFISLCWHRFSHQTQVAFRLLFIVFFSLSFFSYYTNGEDWSVYYLRFIEDEGLFTSFEFGFVIILKLLLIVSDDNFGLAILLYYFLCFVLLSLILKKYKVNEPLFLGCLLLLFGYNLFLEQLRQLLACIIVFYAMLLYNQNKNLIESCILVITASTFHVSAVIILPTIFLISFRNVTTFIIITVSSITSIVVFMIALYSAISSLAAMSFVFAKIDYYLHQNPVVLNFGWLNILDALFILFYMRYRNAIDRQININILTRIIFVGSVIHLFSGTITFLARVCFYFYFVGVYIYCYSLNDKTPRVFAIKNFNTLVLAAFVNVVLLLNFASYFRNEQAPVGFYNMNFQFFNTFNDNYLRTNAYDKYFKGMQGNVD
ABK27351.1	Escherichia coli	shigatoxin-producing clinical strain	EF027116	MYILSMAIPLFFISLCWHRFSHQTQVAFRLLFIVFFSLSFFSYYTNGEDWSVYYLRFIEDEGLFTSFEFGFVIILKLLLIVSDDNFGLAILLYYFLCFVLLSLILKKYKVNEPLFLGCLLLLFGYNLFLEQLRQLLACIIVFYAMLLYNQNKNLIESCILVITASTFHVSAVIILPTIFLISFRNVTTFIIITVSSITSMVVFMIALYSAISSLAAMSFVFAKIDYYLHQNPVVLNFGWLNILDALFILFYMRYRNAIDRQININILTRIIFVGSVIHLFSGTITFLARVCFYFYFVGVYIYCYSLNDKTPRVFAIKNFNTLVLAAFVNVVLLLNFASYFRNEQAPVGFYNMNFQFFNTFNDNYLRTNAYDKYFKGMQGNVD
ABK27352.1	Escherichia coli	shigatoxin-producing clinical strain	EF027117	MYILSMAIPLFFISLCWHRFSHQTQVAFRLLFIVFFSLSFFSYYTNGVDWSVYYLRFIEDEGLFTSFEFGFVIILKLLLIVSDDNFGLAILLYYFLCFVLLSLILKKYKVNEPLFLGCLLLLFGYNLFLEQLRQLLACIIVFYAMLLYNQNKNLIELCILVITASTFHVSAVIILPTIFLISFRNVTTFIIITVSSITSIVVFMIALYSAISSLAAMSFVFAKIDYYLHQNPVVLNFGWLNILDALFILFYMRYRNAIDRQININILTRIIFVGSVIHLFSGSITFLARVCFYFYFVGVYIYCYSLNDKTPRVFAIKNFNTLVLAAFVNVVLLLNFASYFRNEQAPVGFYNMNFQFFNTFNDNYLRTNAYDKYFKGMQGNVD
ABK27354.1	Escherichia coli	attaching and effacing clinical strain	EF027119	MYILSMAIPLFFISLCWHRFSHQTQVAFRLLFIVFFSLSFFSYYTNGEDWSVYYLRFIEDEGLFTSFEFGFVIILKLLLIVSDDNFGLAILLYYFLCFVLLSLILKKYKVNEPLFLGCLLLLFGYNLFLEQLRQLLACIIVFYAMLLYNQNKNLIESCILVITASTFHLSAVIILPTIFLISFRNVTTFIIITVSSITSIVVFMIALYSAISSLAAMSFVFAKIDYYLHQNPVVLNFGGLNILDALFILFYMRYRNAIDRQININILTRIIFVGSVIHLFSGTITFLARVCFYFYFVGVYIYCYSLNDKTPRVFAIKNFNTLVLAAFVNVVLLLNFASYFRNEQAPVGFYNMNFQFFNTFNDNYLRTNAYDKYFKGMQGNVD
ABK27355.1	Escherichia coli	shigatoxin-producing clinical strain	EF027120	MYILSMAIPLFFISLCWHRFSHQTQVAFRLLFIVFFSLSFFSYYTNGEDWSVYYLRFIEDEGVFTSFEFGFVIILKLLLIVSDDNFGLAILLYYFLCFVLLSLILKKYKVNEPLFLGWLLLLFGYNLFLEQLRQLLACIIVFYAMLLYNQNKNLIESCILVITASTFHVSAVIILPTIFLISFRNVTTFIIITVSSITSIVVFMIALYSAISSLAAMSFVFAKIDYYLHQNPVVLNFGWLNILDALFILFYMRYRNAIDRQININILTRIIFVGSVIHLFSGTITFLARVCFYFYFVGVYIYCYSLNDKTPRVFAIKNFNTLVLAAFVNVVLLLNFASCFRNEQAPVGFYNMNFQFFNTFNDNYLRTNAYDKYFKGMQGNVD
ABB04486.1	Escherichia coli	O98:K?:H8	DQ180602	MNRLQANAVLAHLISYYMFIIFIVCCIIYYSLFIAVGIDSHEPIRGFFYPANIIDHYIYLENYESLKNGNVNFVGINNIGIALVYYIYFNLLELMGFIIIPEKFSLILNLFIFFLCFISFKRIVRKLNLDITVTWLFIFNCSFWYFAQLINKDVFTIFIFFKLIEYALYNNKIGIFLIFLFSFFIRIQLPAIICVYLFFIYTKPTLKNLIIAYLAISIFNGYISRYQSLIIDESTLSDGLSAFVYQMNINYGVGSLLFNPVRIAQSLYSVLISFDFTYEYGIDVSKLKNIPQVMIFIILSPWIIRAYVRYNCFMKTKVKYVMAIVLAFFLVWLLNPTINSRYVMLIIPFLTLIGLYSLKFGKYIKHENIDNKLSLSSKHNSTFL
CAN87666.1	Escherichia coli S88	NA	CU463050	MANIYFLFGTLFIFSPVFFIIQFCVFFLVFIQGKCKVSSQGLIFILVSFTSLIFHVFFGVVDKIFIFTLVCCFYALTVPSIYSYCVKRIKSCDWLKVIDFCIKFHIFTFLLQYLAFKIINVDIDYGKFLLGPPHRSSYDGFDYRATGVFAEPSIFSIHMVTLLVMRYIVANNNSLLSYIALMCMVLSGSTFSVICVMLFFILTCRLTLKWIATGLISLVLVSPIIYQNIMWRMSYISSGSDGSTSYKLELMKSFFDSPLVFNIGHGMVGYYDNAPDYFQSLFDMTLFGSNFIVFGFWLGSILSVSWLVLFLKYSRFSLRLMLLCLLPCLKLTFLFPMFWLYLVFLAGYAGIKNEKYTTRYSKI
ABZ79721.1	Escherichia coli	serogroup: O53	EU289392	MLAWAPKLLLLFFLLSGLIKAISLYININLNYVFIPLLILASLFYMLINRTIKMKAQGACFIFFFSISAILFLVNNIVVNNVYTQLQLMLAVTIQYIFPIIIICLAGSGKLKLDIFDSLINIITKLTFLSLLIFGLCVMYDSKMVEEFYSQLYNHGLIINPFQTSEEGITLRFSGIFSSGFILASYCCFAIIYYYFNKSVNRIKFAFLFVGFVIMVVLTYNRNGMLAFAVTSLFIMIHTYLRRYYLTLANLYYVFLIGILFIAPSFILYFGGDIQNSYSSIDYSAFTKLSTLFSRIDAWLQVLNINDVSRLLFGSGLVQGLGEDDMNFYVDNGYLYLLHQSGLIALVLYIATWSYMFISLSKNLKKRRNHNFVSVDEINICLLLILVSFTLALLNNLFFEPVFLILVLMKCVTVNNKSSSIYEKNEQTYE
ACA24739.1	Escherichia coli	O79	EU294162	MRVFLYVLILYLSVWITNEYSILSFPIEFNFLYPLPQILLLSFVYAFITRAKKKSHQVDILEWVIPITKLSIVLSLIVLIITLPANGRDAKLEIISNNIVLYYLNMFNSSMLIVMLSSMFQPCRSIVNKKVFFYIIFAIIAFSLTNLSRSMAFYFIIAICMSGLKFDIEKKKIISWGMVLIVVMILMPIFQGRTDNVEGALARSILNIVFYVSYSFGLGEYLIKETHLSGISWGYFGYVLSKILNEPLTFNIFFDNKYLYEFIQLGKSDIYGLLNANVMYPLWATVYADFGLFSFIPYLFTFFIIVTSYFMRAYILFSWLFFRFAILGFLVSPVLFRDIVFEIVVVVAFEIFIRKNKRICVDE
ACA24764.1	Escherichia coli	serogroup: O143	EU294164	MKVFFDVFLLFLFVFAFSIPVFFNSGYLIYIFSLIYLITNIRIRTVFFSLISTRIFFIAFLSLACMLFFSCISLVLNGTGDLSIMGVIFNNFAALFSSVIIASHLIQHNNDNVLKLFFLIALLQSFFIILMMFFPSINAYIQSIIRTKEEIEFMSNTYGGIRGLGISGSVAFGLAIIMSLLSFLSIVWFNEEDCNIPFFFKLFFIILLLFASISAGRTAVLGFVLGGVYSFICSDYKKKFYRALQILIYVSLFLFIFWRFFLNEHVYDILKKYSDYSFQMLYYYLDSGKLSTTSTDALFNMYFPLTEKQIFIGDGYYTVKGWDILSRDRCWIYAVSIIFGCGTIGYFLFFIFYFFDYLCC
ACA24803.1	Escherichia coli	O150	EU294168	MLILTNNIILLIFIIYTFLVFISALGVKLNSRGLDNFSCLITVLTFVILIFARTGLGVDESTYLESYHYYVQGGEADFEYGFNILFWGVRLFGVTESSFNTIFPLLILTALYFAVTVSVKNPFRSFVLIFTIFSSFFLDFSFNAYRQGLSFWFVLLAIESHLSGNRWKFIVYCLIGLGFHWSAAVVLFMLFLTRFLSTRLAIFCNIFLFFLTLVAAMMPLHVLSMLVTMIQYLPLNSSYLQKVIFYLTTIKSSFYDLNFFGRAPLIIYALILISLLAIYRKLLPIVQFKLLILLLVYSVLLLEMSYSFRNYYWVLPFTPFIMAKILSCYSNKKKVMVMYTMFSTGLWSLSIASFYSFPILSMIFQ
ACA24821.1	Escherichia coli	O152	EU294170	MLFTYASYLCILVFSTSVAFCYEHSKSNFKVLLWSVLFLSLWIPAAIRFGVGADYFRYLSMVESVRLGYISTEVGFYFINYFVVWFDLNPQWSIAISSFIVIFLSLKAIPRNYFSISVFVLVCTFYLPSFSLVRQAIAIAFIAYAVKNYIDGNKKNYIIFILIGSLFHLSALLLVPIYFIARFRVRSSILFLGILIISLLLFLGSGLNALLNSEFFLQSKYGYYATSDFIQDAKIGSGVGVFIKMLLPLIFITNAKKILKTNQNLNILLWMSVGCVLANVCSMKIHIFNRLADIFLFVNFMVTSYIINSLEKNVIKQLSSMAIIIVFIVFYCRTIQANYNDDLGGIGISPYKTILSK
ACA24829.1	Escherichia coli	O105	EU294171	MVYGSLWCLCFILSFFNNNSYFKYYITLCIIMVLWFLASFRGAGVDGDYANYIEYINDAQSIGYSYRGGYFFDWIVNFFVYIGLPVTYVFAVYALAIPIKIKLFQKFSLLSSSILLGYVGFFIYLHDFTQIRAGLAVGIAFWGIYYYSYQNKIKAVILFFASCFIHPSLIFLVAFVYINKFLSNKLLVLTLMISIMLCVTNANTFIVQKIVDLSGSADLDLYYRLAVDGQIIKPFGAFPLLNLFISIVSLYYLNNIARENALLSIFIKMLLFSQISWFLFSPIPVLAARISQIFLFSIVFVLPHLSLKLFNQPITIPALYSFVGFLAFIIIAELMHPYQLGF
ACA24852.1	Escherichia coli	serogroup: O29	EU294173	MTVSIYLLLLAFVFLLAMSDFFIIADARNRFLLYIILFSLLVTFIGLRYQTGLDWLFYNNLFNGEGFSLAIEPGYYFFSYVSSFLMGYWIYQALITAVLIICLKTFFEKNTKNYLFCIGFFFLYQFIFVTEAIRQIIALSIILVAYKKFYDGKKLQFHMLTILACSFHISAVIVFILIPFLKRRNIYILKILTIVGLVLAIFSVYPVDYLIQLLSLLPAGGYIEKIRWYSQDDYAGSVLTFSLVFKVFVVLLFDYRFKSIKSHGQSLINARAYDFIYTSVYLMIFMDVYLGRFGTISTRLDVYFIPCFLIALNHLINEHKQGVSRFIFFFVVMVYFTINYLSIMNGYYFEKFYSPYQNYITEFLNPGSYSDRGWDVRYYFSNKELLQ
ACA24882.1	Escherichia coli	serogroup: O58	EU294175	MYANKAMPKRHTRERVFLPLLLSMIFICMIINDLPLQQYLGTLGASPMWGGALFIFMLIVIRSRFVLNLDSTSKYFLYFYLLTFTISLLQCFYYAISRGSVENEYGGLIFGKLVFASTYYIVYFFTIYTAIFLARRITSSALKFCIINASVLLLLLLILEFFSPNSLSLFHKSMDGYGFGFRQRLLSPEPSMAAFTLNIFLLISIVLVNSKIAKLFMGGALVVGNLFIGSKASLILILMSGVIVFYLNMNLTQKIKSLLILIPVSIAVFYVFLNTILPALIVDVDKFTSVSTRLITALAALLSLIYYPLGEGYGTYSSYLLGPLDLAVQLAEELLPFTLNVSEVNKMLMTGESLAAKSGILFSVIQSGVVSLIFFYVIYRNAFRKLCAARLSNYNKIMMRLVLWYSLLSIMFAVNIEVVYAFLLPFIIIDHYAINYMRSYDYE
ACA24890.1	Escherichia coli	serogroup: O159	EU294176	MVILKSRLIFLFFFVFLVLMVFYKIEANYFTPDEIFYLFSDSMLTDVTVASRYKFVAYIFRFIYEYGEYISLLIVNITIVWFVINKLSKSSNNNDVNYLIYGFLFPSVVFYASLFLRDFYVFILAMLFVYVRRGKHKLFFQWCIILAIGFLKIELAAIFMCAMFISRIKISPFVIVYMFIICVLTWFLALHNQTLMGIYLNTLERFEPTVFSEYNTLFFGLQQMEPTPLNGAINIFFSYINLLSPFLISWPSNTGNIFNVIMTVDSILFLGCIIIGVLGFNTKKYYSDDLYRLSIFVLLLSIIYGYFMVTPMTSLRMHIHFVPLQYYFLWDLGLKYV
ACA24901.1	Escherichia coli	serogroup: O87	EU294177	MSYIISVSTLIVILFFERNRMILPLSAVIISGVVVFICLSGNYYNGYDWINYLDNFQCLKYLGVYCWDKYDISYTLIVYLCSKIFDDYHSVVVVISVINTYCLCFFAYKNCRNPLLFITIYFSLYAWVLYSETLRQSLAVSFVFLSLSAFNKKHFVKSLALLGVASTFHISALFFLVLYIIKYKTNLTYKLFVLSFLIGAVFLPYIAASFFYLNPRILSYFLDTNWNEAQNLSIIQVSTTLFSLLLLFMVWRRLYNNNMLITKDEWGKANLIMFSLFSVLFALGKLHAQYFEVLSRVNYYIAIPAFVYLSNRIEDLRVTNKIIIYPFLMVYLLYSPVRFFYSLQKFDEYNNFYVDKLLLNKKINIEYLKNTRCSYLGNKFSACK
BAG11898.1	Escherichia coli O55:H7	O55:H7	AB353132	MFNKKYVVIIWGGVLSLLCSLPLSIQGGFDDSLVYYEQAIYIWNNGLLEGLSSIYHQTNKFEIGMGLFFYLQGFLGEGRFVFILLNLFLVNFLAVLIYLKINDEVRISPSLLCVTLMLMSYYVFSNNIYVWRSIICLYFLVLMIYSKTKYKKIIFIGLGLLFHYTFILFLCVYYFCRVNKIGKFKFVIVSIIISFIISNFLYWMSYASLFVSGGELSLFMSQDNEALKRLIISGTFLFLLLIINLESETNNWVLYKLSLFFCILSIFLCDNWQLSWRVFVPAAILGTAIILSNIKKKDSVVLLGITLSIIPTFRLIFNLLILGHP
ACD36996.1	Escherichia coli	serogroup: O168	EU296403	MNCKFNIWDIQLGLILISVLSYAFLNLGFLPLNISHLIILFVLITLSVNLLISQSIKITGLFLTLFVSFILLSAYSLLKYYDVQKVKNIINFFIFFSVAAIVINNCSADKIIKFYYKLTKIFIFFALLQWVLYYLNIGTLYTYSFLGLKEVNISTSGYLIRLFSIASEPAALCGILLPAIYLSINRIVNKGKEVTLSYSVIVLFVILNTFSLVGYIYIIICLIVALYVGNKISLSKIFIFTICLALLVFILFQSDSIQQRLNEITSLDKMASSDNLSVIAIYSNLQIALISLSDNLIFGGGIFSHPYTYDHYISQLYAGGGPRMELNKDDAASLYIRALSETGILGFCILNGLIIYLMKRCDKSKINYPYNIAFTIAFALLGIRAGSVNYIIIWFYFFSAIRFVNEGRLK
ACD37014.1	Escherichia coli	serogroup: O112ac	EU296405	MIKKNNIYRFYILVCVFSGFYIFGFFPAPYYLCLILGFVFLSLSKIKHVDKNILFLLCIVIIYMVFMLFNSRINVWSYYFIGLLTYFIIILLRNNLDYYQKIAIVRKTVLISLLLVILDTIYRFYYPREEYLLAIEQQGKIDYLFYGYKHSFLFQDSNFVGLYILSVFFLFRDNMSIFKWKKSILLTIIILIILSLSRAAIVALILTECIRMLCGMKVDVRLKIVSLIFMAIPTIYLLFVLVANIDDTSFESKFMLLNKFLTTFQERNFTELLFGWGLDNTREHWGIAAHSLFNTLLLEMGLVGFIIITISIVYCWCLNTKTLYHFMGLSIAFLSFGLIFTPFFIPLGLNIIMRDVSNEKL
ACD37046.1	Escherichia coli	serogroup: O167	EU296408	MNNTLRQYSLVQVFITMYCLFPFYFHNIYIIQTFSLYSLALSFVVYTFFYKVRFVSRSGAITILASTTTFLIFLFMSMLINLSSDMTFVYEQVFGFSKQLLLALVPFCLYFSFDSDDINYAVHSILLLFIRAISLYVFISVIFLIPEVRNYWIDIIYFSSDQNKELINSASYYTRFGLQGFSGFRHAILCAIALIFSIYLFMCGYKKIKNYWMSVFLVCIGCFLYGRIAIAVILCITLISLFYLLCKFEKLYFIFIVCLCVGTIACVVYMNIDYIQDSYSLAWIFEPLINFINEGQFTSHSTNDLSSMYIMPNENTMLLGDGKYTNHDGSYYMHTDVGFLRPVFFGGIFFVFFYYMMLILPLILIIKNSGLERRNILTLFLALALIVFELKGESFISFSAIIFSFILIPIICKRLN
ACD37058.1	Escherichia coli	serogroup: O32	EU296410	MIYIMQSIMIFAFLTKIPLTSIIVVSASVISLILSSVSHDVISIKKVRIKLCILILFLFILLIRILANLALFDNLSQSDLDYIITISLAMVIYITFLVRPNPVALKYGILSAVIFTIVLALIEYILHVNTGSSRFEDPTNMFYLSDNRVPTAFYYNENDMLYFIILFIPFVCQTIKNNILSKAIFISAFLLALIITSKAAIITMCIYFLWNIYNEPKGKSIFIAYISLAFLFLIILLLSWNYLSSTGLAEKVLYRFSGLIDFLSGTGGDNSSNERFEIYTSVFSFLANNIDMIFFGFGSFSYYESVFLREYSLRIADFHNMHLELLTLFGSFVYVFILIFILRRYIELKSIYINGRRVFNFMIVSFCSIMSIISSSIVKYPSFYVFLLLLVFARKYMDKKNEF
ACD37086.1	Escherichia coli	serogroup: O112ab	EU296413	MVNAKNFVLIIFDVICLFLNVFVYVPRLIIGVLTVDKTLIITFPLMLSVLAYNFIPPETYDLYRHYENYQNFLNNNEVSFIRDFFLYFLFTVGRLFDLNNGFIAFVSCYILYFYWLKILYINFDYKANKKNFPLYFFIFFITPPLVIYTGVRFSTGLILTLYGIVNWIQLRNVKLGIVYIICGLTAHFSMALIALIFIFTSYFNNIFSNKYLRVGLVFSALLVISFNEQLVRFLTTVIEFINQLFDWNFISIDTYITGKWGLERAQELNSTGQLVLGIRNYGMLFLILLFCPLISFNKNKYTNFYYVMCAVTILVFPFTAVFDRYGTFLIFFIVYYLSTLQKKTNIEIIYFLMLIVYLIFFRTTDIKDNISVYTESYSNILNLSLIKVLLGI
ACD37117.1	Escherichia coli	serogroup: O40	EU296417	MSHFGGGLMKSVNKFNFYLAIFIGMFDLTIFSTGNSLGQALTTVLLLFSILSDINKVFLKPFFFVISYIVLALLVSLFHGETSYHYSFIIVKTGLILFNAMVISQILILYADKKQISNFVNFIFLIQTISLLLYSNELFQMMRGFFLSARSEHLYENFGDSYWYRDATISNQGYSGYALGALPLVIIAVHNIMKSKFFSIRYFVAVVCCGLGVSIAMLNGRSVFLFIPLYMIYLMLRPKEICLIYKIIPVILIIVSAIIIALTNLIYPSNFVLAFFEQKGKSYGIDSVDDLMYNHTILHFDITLFGLGKYLLSDGSAFVRSDIGYYRQMGVGGIFLVLFYIFSIWLAVRYVIYRDLSLFILFIILLVNFKQEAFNNAMLMYGAFLLAAYWVARDKIEITKK
ACD37138.1	Escherichia coli	serogroup: O124	EU296419	MYFLLFFSIFYFVYVILIGTLCHNYKALLIFSLIPLTIVSGIRYNVGFDFMSYVDYFNQLKYSDDIYLDSTFKYISYFTYYIGGNEQILFLIYAVFYSVALYFLIKLVLENYITEINNFYTIGLVLSFYSFYFLLSFNQIRAVLSALILCYGLLKNKIDFSFIITITLSILFHSAAMFILPLYFVLRKINVTVLLVIFPFLVVASFFNIFSDIVRFILTLLNSRFLTYFNSEYFVPRTGMEKMYSMISMIIVLGMVVCLSKLLPKKFDLMIKFVILFVLLRAMSIDILIFARFSDFLKPMAIILIFTAVYFSSNKVRPRIILPFYLIMTLFLCIFNIIIGSNITKGNYYTYGYNICFFGNKCIDKFY
ACD37146.1	Escherichia coli	serogroup: O164	EU296420	MYFLLFFSIFYFVYVILIGTLCHNYKALLIFSLIPLTIVSGIRYNVGFDFMSYVDYFNQLKYSNDIYLDSTFKYISYFTYYIGGNEQILFLIYAVFYSVALYFLIKLVLENYITEINNFYTIGLVLSFYSFYFLLSFNQIRAVLSALILCYGLLKNKIDFSFIITITLSILFHSAAMFILPLYFVLRKINVTVLLVIFPFLVVASFFNIFSDIVRFILTLLNSRFLTYFNSEYFVPRTGMEKMYSMISMIIVLGMVVCLSKLLPKKFDLMIKFVILFVLLRAMSIDILIFARFSDFLKPMAIILIFTAVYFSSNKVRPRIILPFYLIMTLFLCIFNIIIGSNITKGNYYTYGYNICFFGNKCIDKFY
ACD37157.1	Escherichia coli	serogroup: O130	EU296421	MLTKRTTKNTSFLYFSLFCIYFSVSFSPVNPTYILGCGLILILFMQVLLRMRIQKFTLITIVFAMMFLLEQLIGINIVSFYPEGPVYLTPLLFSYSILISACVIEGFQGLKSDSRLIIYKRVYNYAIIFLVIELFTRVLNYNKENNGFYSLKYSVPYFDSNFTGLVILSLCSYLLYLKYVKGNERKIHRRILYFLLLATFSRGAIAALILTRIGLGSKKRIRGKAFLIIAVAVVIFSMLTIEYIEQSQSYSSIDGSFNSKFYIISQALSFYESLPILVHWFGIGMGNTSQFIGIFAHNIFVTMILEMGIVGTVLFLLYVFYTLKLSNGYALFIWVPIFVGGISLFSAFSPFAFIICALICCENMVDKKYEF
ACD37165.1	Escherichia coli	serogroup: O13	EU296422	MNNINKIFITFLCIELIIGGGGRLLEPLGIFPLRYLLFVFSFILLIFNLVTFNFSITQKCVSLFIWLLLFPFYGFFVGLLAGNKINDILFDVQPYLFMLSLIYLFTLRYTLKLFLCEIFIKIVNAFALYGSLLYISYIILLNFGLLNFNLIYEHLSLTSEFFFRPDGAFFSKSFYFFGVGAIISFVDKKYLKCLIIVLAILLTESRGVLLFTTLSLLLASFKLHKLYLNTIIIILGSVLFIIMLYMVGSRSEDSDSVRFNDLYFYYKNVDLATFLFGRGFGSFILDRLRIEIVPLEILQKTGVIGVFISLVPMLLIFVKGYFLNSTKTSLMMSLILFFSITVSITNPFLFTPMGIFIIGVVVLWVFSIENIQISNNLTSGAK
ACD37173.1	Escherichia coli	serogroup: O135	EU296423	MNNINKIFITFLCIELIIGGGGRLLEPLGIFPLRYLLFVFSFILLIFNLVTFNFSITQKCVSLFIWLLLFPFYGFFVGLLAGNKINDILFDVQPYLFMLSLIYLFTLRYTLKLFLCEIFIKIVNAFALYGSLLYISYIILLNFGLLNFNLIYEHLSLTSEFFFRPDGAFFSKSFYFFGVGAIISFVDKKYLKCLIIVLAILLTESRGVLLFTTLSLLLASFKLHKLYLNTIIIILGSVLFIIMLYMVGSRSEDSDSVRFNDLYFYYKNVDLATFLFGRGFGSFILDRLRIEIVPLEILQKTGVIGVFISLVPMLLIFVKGYFLNSTKTSLMMSLILFFSITVSITNPFLFTPMGIFIIGVVVLWVFSIENIQISNNLTSGAK
ACD37181.1	Escherichia coli	serogroup: O129	EU296424	MNNINKIFITFLCIELIIGGGGRLLEPLGIFPLRYLLFVFSFILLIFNLVTFNFSITQKCVSLFIWLLLFPFYGFFVGLLAGNKINDILFDVQPYLFMLSLIYLFTLRYTLKLFLCEIFIKIVNAFALYGSLLYISYIILLNFGLLNFNLIYEHLSLTSEFFFRPDGAFFSKSSYFFGAGAIISFVNKKYLKWLLIVLAILLTESRGVLLFTTLSLLLASFKLHKLYLNTIIIILGSVLFIIMLYMVGSRSEDSDSVRFNDLYFYYKNVDLATFLFGRGFGSFILDRLRIGIVPLEILQKTGVIGVYGSLVPMLLIFVKGYFLNSTKTSLMMSLILFFSITVSITNPFLFTPMGIFIIGVVVLWVFSIENIQISNNLTSGAK
ACD75796.1	Escherichia coli	NA	EU549862	MNYEDFFALAYNNIVEFFVISIFFLFFFVFTLRRFGAAGIIDPFHFIFSFVFSTSYAVIIILYINNEIELFYLVLLTLYSISFLFPIYFFRNRRKDLVSKYIYGFFSSINTSHYVTRIFILLYFIILIPLIYVKGFSLFTSTNRFEDNSGIGGLARFYDIIWLFVAGSFILYYKRILLYGGTIRKTILFFPFLAFFILNMLVIGSKSELVQYVLFYYLIISAYGYKFKLSIAKLTILGGLSLCFALIVLFFNFKMEGDGDFSNIINESFLRLSDRIMSNGDMYYLGLPHNVIEKIKTNNVLIDFFVPVLSSKLISYLAGYDVYTYDIGKQILLFHYPFYDIAGGPVEHFDLFGYKHFGIIGGIMFSAFLGMGVVILRNLVFLSRGNVFMTIVTCSIYFKMLAVILKPSILFAFMFDFLSVYISVGVISILLVGKRS
ACD75809.1	Escherichia coli	serogroup: O2	EU549863	MTENSPKYKHDKSLISFIYLFFIFTLIVGFIIANTQFLGRSRDYDNYIQIFSGKEGEGVLELFYRGLMLITTSYETIIFIILTCSFFIKARFLANYSRNFSGLTLFFIYYASVALWVLDYTQFRNGLCISILMFSVYYLFINKPTYFYFSVLCAIATHWSALPFLLLYPFVYSTKIRRLGYFCFSILVLIAISGEGKEIISFIRNFGVGQKIGNEAGVNLINSLSLTAISWFIISYISSIGNERRNLRLFFCYGVMQYVTFSLFSLPVMAFRILEMYFFLMLTIGVFIKQKKNYYFVFCKVLILLYLTYYYHMVFGVINV
ACH97132.1	Escherichia coli	serogroup: O107	EU694095	MVNILLCINIIILLICICIYLIALKSKKAPRLFALYLGAFILFIESHIILAITTSFNFGTSEWFFNGEFDYNTKTEVITSINLFIIGMILGSVFIASTITYKSSSYDVTFENKSIARFSWLLLVSILPFVVVYLINLIAFISSNGFYSLYINGNKISGGYILDLFFLTLYSLLISLKNKKKILFIILCVACVYLFIGTRLEFMFKVFPVLIYYILISKNIHKYFRLKNILAISILFWGLIFSMQYSVSARDNIEMGSNIITTFLKQQGVSVNVIGIAIKDKNNSLLSESVILSPLYDSAISLANSLVGVQSNGNSVEFAENSFSLSHKLSYLEDPSAYLAGYGVGGAAIAELYIVGGYLACLIGGMLTYIFISILEKIAKKSFFNFIFVMLITGKILYSPRGEFLSFMSADRMLILFLIFTFSYKFLLATSNKKMSFKNE
ACH97143.1	Escherichia coli	serogroup: O117	EU694096	MVNILLCINIIILLICICIYLIALKSKKAPRLFALYLGAFILFIESHIILAITTSFNFGTSEWFFNGEFDYNTKTEVITSINLFIIGMILGSVFIASTITYKSSSYDVTFENKSIARFSWLLLVSILPFVVVYLIKLIAFISSNGFYSLYINGNKISGGYILDLFFLTLYSLLISLKNKKKILFIILCVACVYLFIGTRLEFMFKVFPVLIYYILISKNIHKYFRLKNILAISILFWGLIFSMQYSVSARDNIEMGSNIITTFLKQQGVSVNVIGIAIKDKNNSLLSESVILSPLYDSAISLANSLVGVQSNGNSVEFAENSFSLSHKLSYLEDPSAYLAGYGVGGAAIAELYIVGGYLACLIGGMLTYIFISILEKIAKKSFFNFIFVMLITGKILYSPRGEFLSFMSADRMLILFLIFTFSYKFLLATSNKKMSFKNE
ACH97152.1	Escherichia coli	serogroup: O3	EU694097	MIIFSTFLLFYFFIFLSLLPVLIKEGARGNGKYFYFFDLYIYLVLASLIIYIICTRDIFSDSDTERYLSILEYYRINGFYLFDKNYIFAVYTYLYSLYIDGYYMYMIIPLITLLYSYCKLVKPLKYPVYSFSLVLIATFPVFWQLSASAFKQCIAISFILLALVHIIQTKYKQAVLLSLIASSFHFTALTFFIFSLFFYIRKERVSLNLFFLIWFFSVIFSISGLNSYIPSIIPFYDLVGESKVNIYLESTNNATGFRVDFFLFSLAPVLIIFINRTLVIKDRYIKMIALSYLYFNSIYNIMSFIPFSDRVAAYSWCLSPIILLWSALKCRSSIYMLSSIGIALLNPLIFMYYNSMFIFLK
ACH97162.1	Escherichia coli	serogroup: O21	EU694098	MIYIIINTIVLFYMFLFNAYNRIPYGKLIIGGICVFFMTLLPAFQYGVGTDYFSYQNIYNNANELDTFYQNKEYLFYGYMRLYQLTGWGFKGFIALTALLQSLLVFVIVFQLWKNYGYSLVLVFFLFWVVTNLFHTQMNIIRASFSIYLFAISILYKFRGKLLLSFILMVAALGFHRSALIGFCFLVIPDKMYFFACKHAFKIYVLTFLLFLFSYLQQIIYYIVQNLFPYYSHYLSSFDESSVSIMNVLTKMYWIPFNLLFLILLRLKVFVIKDNERKLIGMWALTVNVYLLMLSFDFISRVNYYFVIFYIIPIIYVIKYTVKNRYFVCLYLSLLYCFIPYLLKVILFPIAEFYYKSYLF
CAS09721.1	Escherichia coli O127:H6 str. E2348/69	O127:H6	FM180568	MMQITIPKSNDFRRFFNPVILILMSIVLNTFFQLYTSEEEWNSFFIFNQKPDYTVFFISLVFYLFFLFGAFFAYLFNYQKHSNHRSHYLYNFSFYNGLLKFVFYSNVISLIVTQYYMHEANIYNIYISGGVSAQTIESQIASSPLGIHGISVMLGYFGIIMYGISRLIKDNRAIVFISILVIIIKFISYAKLQSLLYVLLALMLFSRRRISINKGVIIGGVVIFLFSFTRIIRNPEQNLSLSFDFLFRFVGGFYFGSPVVNFNYVIQNNIQDVFYFFNWFLPQKIIPASPISLEFPDVTSPIGFVGSAYVSLGIFSVIYAYLVGFIIQLIYLQRNTSPFAFVFQPFVIMACIFAMMYNNFVNMIFFILPLIFSYLVVIKTICARKEDV
ACK44379.1	Escherichia coli	O42	FJ539194	MKQARIKPFSYLSLSFFVLFLIFLNISAVSFDEYLTDLQYSYAYVLFAISLVAVYYAQGESYTSLGFLFNTCLFLFIGGRFIATTFGIDSESVFTLDFMTTYIPTSDEKLEIYTRVVSFQIFLNLGYLFLRKEDSLLNLNKNDNSLPGRLLFLIVIVLFLLCLVEQYSMLSKAMSEGYLARYGDQAESYDAGAAFKYTLLFVFTGLLFATCKKKYIIINFMIYMTLATIIILIGARGAFVSTILMGVWLYGLNKKISLKKLSIIFLSLAGILLIIMNFSARGNYYSNELIDSLLRFLYDQGNTLAVVGYVRTITDYPVFAYISTFLPGSSFFASMFHGGSDLNSYMLSFPAYANYVANPNMYFAGYGLGWSIISSVEMFSADILFIFCIFSVLIGMFLKFANEQAKRNSFWFGAVACLCAKILFTARADIKTIIPLFMYYAIMYLIISTAMRILRQRYG
BAH24292.1	Escherichia coli B	NA	AB490074	MRKNFYTTPITLLILTLNIAATIVVINNSELLIGDLMGFKSETVVIIQSLIYISLSLLFLSVLYNGLEKIKPLTTKLADSNSRPIAIFLICLELLYITYVFNTGLFVAGNNERGGGVISALFVLLNVDVLVLIFLTHVKTSKYKPIIIMLWIISFLQRGWISYFFILILISFIDRRLKNKKNWKAGVVLICFILALPFVEQIKNSIRSGEAISTQLTFFDYADSFNQQFMKVVGRVQTVSHVAFITDNINQLQNLKNNGESTDFFEENFIYIIAKKLGSADDKINTPDLLARYISPSLDSSWNVNPSLIGWIFIQNDLYVLPIIWVVLLCFLFTMLSKIIANDLYAMNMRWLFWLVFLFPGWIFQFTAVIFSLLVFILLKYTLRTKRVKPL
BAI31288.1	Escherichia coli O103:H2 str. 12009	enteropathogenic Escherichia coli	AP010958	MYILSMAIPLFFISLCWHRFSHQTQVAFRLLFIVFFSLSFFSYYTNGEDWSVYYLRFIEDEGLFTSFEFGFVIILKLLLIVSDDNFGLAILLYYFLCFVLLSLILKKYKVNEPLFLGCLLLLFGYNLFLEQLRQLLACIIVFYAMLLYNQNKNLIESCILVITASTFHVSAVIILPTIFLISFRNVTTFIIITVSSITSIVVFMIALYSAISSLAAMSFVFAKIDYYLHQNPVVLNFGWLNILDALFILFYMRYRNAIDRQININILTRIIFVGSVIHLFSGTITFLARVCFYFYFVGVYIYCYSLNDKTPRVFAIKNFNTLVLAAFVNVVLLLNFASYFRSEQAPVGFYNMNFQFFNTFNDNYLRTNAYDKYFKGMQGNVD
ACV67289.1	Escherichia coli	serogroup: O35	FJ940774	MNGVAKPIIISWFVLCTLVVFFLCSFEQFPDYYSYLNWYELSVSATLNNNWVFFKDPGFYLLSVISNNFDFGIIGAIFFLFIISLSCKIFFCIKLLDWEVLFWVLLLYLSRLFIIHDLVQYRAGASIGLSALFVYFYLEKKRIKSFFFLSLALSIHLSSLLMVSVIPIAWFLNRNVGGNIIRQIAILLLILSLSLFFDPYVNLLRLVSQFPLMHERIAPYLDGSYLVSNTSMFNSFVIIKIISYVIFFVWICKNKNVGLTNENYLIYLCFFISIVGLFLFWCFRSNDSLSIRFSDFFALYDIVFFALLLNVFDVFGKFIYRYCLLVVVIVFFISSMKLIN
ACV67297.1	Escherichia coli	serogroup: O78	FJ940775	MGVYFILITVALLISIIVLFHNDVKFTNVYIYTYILLLSLLAGLRFHTGWDWEAYDYFFYELTNSNLFEISKANIFNYEPGFVLLSYISVLLHIPPFLFFSLITVTLIIKSAYKYLGNFVYIFLLIYLYYGYFHNFSIVRQGVAAALFAYSIRYLIAKSYKYYILIFVAALFHMSAIMLLIVPFLYKIANRIPFSALLLFSLLMVYTSVSELIGMKSLLSGINALNIYINNSSLSYKVGFSFKYLELLIILVLFYNKRFSELIASKFSKKQYYVFRCLIVIEVMIYSLFNDFSIIYERLTVYFEFSHAICIAMIISAFKYKRVQLFLLLILLSLIFVRYYQLFNSPVRVDGEMTHYERFENYCSVFNTKDCQR
ADB02825.1	Escherichia coli	serogroup: O119	GQ499368	MIQRSLGARTCLYIFLFTAFVSYLNALLGGKFNGDFSGVNINLDSIQLLGVFILTCAPFLFLWYVYSLFNRIKFKELDAGQLGFRVSVFFKLFVFWSFFVTINYGVGIMARSEYNVPAAISYIIYFTNRIDVFYLGVLFILLYQGRVLFFWIFILCVLGVIRGGIGVFLYVSIALILRYNITLGKFFFRRPLLCFLALIISPFVVDSLFYIRELLRGDYINEQFTFYQLIIGKLIGRFSSFSNLGMIFQNEGYFLQNIFIMDQFYFVKHFFSAFIGQSIIPDVIPERLLINIFGGDLFDKSYMVGLSGNMYISSMISPTIMMINLILIFISVICTFIVAGLIGFKYSREYAFALLLYPCMSGSAQEFAKLLLSMLFIMLILASCNIKLKIKRGFARGERV
ADC54929.1	Escherichia coli	serogroup: O1	GU299791	MRIKYKDNGYILCFLLCFILSYLVLLKSDYFPADFLPYTEIYDGTYGEINNIEPAFLYLTRLFHYLNFPYIFFAMLVCALCLSWKIKYARKIIKDSYIYLFLYVYVSFYVFLHEMTQLRIAIAVTMCYVSVYYYFYKNCVKHALPWMVLAILFHYSALLLFMSLFIYSYRGLLIVIIGFVICMSFLNVYADTIALYLPNEKIVNYLYSISSSLDNRNDLAIFNLNNIIFLSIFILIFYLSRYIKLNDNEAKFIKYVQCSGILAFCIFFLASGVPVIAYRTAELLRIFYPMALVLILSHIKNNNMRYFIAVIIVILSGLMLFITLRAVSIVGQGL
ADC54950.1	Escherichia coli	serogroup: O18	GU299793	MIYILTLTLLLVIAIMFSLLGTKSRITSPLPLHFLPWLLTLIVGISNYDQFYEFNERSFYSLLIWFTVIFIFYFIGELVNYKRENINVYYGLSHIKYECKKYWIIVIPISLYTIFEIYMVGMGGADGFFLNLRLANTLEGYTGKKFILMPAVYPLMMAMFAIVCLTKTSKLNKYSIYFWMFLYCIGTMGKFSILTPILTYLIIYDFKHRLKVKKTIKFTLLIIILALTLHFTRMAENDHSTFLSILGLYIYSPIIALGQLNEVNSSHFGEYTFRFIYAITNKIGLIKELPVNTILDYSYVPVPTNVYTALQPFYQDFGYTGIIFGAVLYGLIYVSLYTAGVRGNNTQALLIYALFSVSSATAFFAETLVTNLAGNVKLVLCTILLWRFTVICKPAQ
ADC54957.1	Escherichia coli	serogroup: O166	GU299794	MYHIAIALPLLFFVTGVFYRKLTNILVFFTILTIGTIVSFRDISVDRDSIVYFTVFNDLSNINSLYELWIFSLSYGQEIGFMLLMKLFHLFGASYYVFRGCFEFLTLFFIWSFIKKTCDDLFYLIAFFIYISMFLYFRDFTQIRFSFSCVMALNSIYYRLKNNNSRSIAYFIAGLLVHNSILIIAPILLLIKFKFIYTAKFYFSSIVVALLLFKINIFGVLINTGYLPHQITRYINQDEMMGNTFGFTAIITIVVSFLMCLRFREYYGIDYKLLYLNMLFSSITALVFMNIPIMMRMQLLFLTAIIILPNVIYTYWIRKDSANRLLLKIFFVSVCIIYYYSVLSTGIVSGYKTFFSI
ADC54967.1	Escherichia coli	serogroup: O75	GU299795	MNLLLFSVLAFGLILALAHNNKSGDINAYLMFFLVVLMVLISGLRMNDSDYIEYKKMYNEVPILCDFSLASIRDIHGEVGYLFLSSIFKTLCLPFQVFLFFIAFLSLLLTYFSFRKISLIPILSLVFYLSHAFIVRDLIQIRAGLAVSISLYSIIKFKGNKSIITGVLFASLIHSGALIIALCYPFFKKKYITLKMMLFLFLVSVIFSYLNGLNLSIQLLSQYSLLPTAISNYVGWEEYDYRVSIFTNPVFIKGVFLIVLMHKYVLSDIKNEKIIVLYNLYVLGVLAMVALSGMAILSGRLSSFLTLGESILIVYALFYKRNTSLAFLIFSFLTIVQLGYDLFISNVHPELTLIIFG
ADC54974.1	Escherichia coli	serogroup: O85	GU299798	MVVLYFSIILLSSLFFTTSFSFYGLSFYGWLAAFILLLPFVRRVKKGKVFIIILPAISIMSFFLSKGHELDGLINNVKLNGIILITVGAMYLIITSDIMKKIPPKIMSNIIAVVMITHVLIAFFQFVYWYAFGGDLDVSSIFGGSGHRSFYYGIYRITGVFDEPAIYSTFIMSFCFLRFYLMGRNDWVNYVGVVSIILSLSFAGIVIVFLYLLVSETWDKKIIFISIMIFVVCLFVASFYPEIYGSVLTRLETLQAGNDGSSNLKFQYVNFWLSDEQRILFGNGMVGYYDGKPKFFESAFDLTFIFTTITTYGVVLSIPLFLVLYYYLFKGQKRKNQLLLLIISLKMTSIIFPFFWVFSGIIIAYEKNKYSS
ADI43263.1	Escherichia coli	serogroup: O25	GU014554	MSIRIEEPNSTKRIIFLFLLFLVFPDFLFYTLGIDNFSISTIISIILLFVFLRAKNTCKDNLLIIVVLFILLCFNCLLSMLFNIEQVLSFKIVLSMYSILIMAYVSSCYAQTLWLCSEEILKRSVFYLFAFLCLIGIISILLQKTEIIHDKSMILFPEPSAFALVFIPIFSFCLYYTRGGGVLLLYILSLGIALGIQNLTMLVGIVISVFVMKKITIRQTIVIFLGAWIFSMILSDLDISYYTSRLDFKNTTNLSVLVYLSGIERAFLNFITSYGLGIGFQQMGVNGEVGVYQQILADLDAPMLNIYDGSFISSKLISEFGFIGAIMCIFYLFIFFDFICVSKKIRDIHRSIF
ADI43271.1	Escherichia coli	serogroup: O27	GU014555	MKINKNSVFISCIFILNPLASVLCALRSINKKNLGFVIVLISVLTFFITLYTPPYQDLYRRYISTYYIYNSQTTLWEALENKVDFLFYLCSWLFFKLDFPFYLIPALFSSISCYCILSAANDFWRYDKKNVSRYILLIAFLCIFSIIDVIMIASTLRFGFAVALFIKGISTYYVVGKKKRAYAFFLLATSCHVSMLLPVCVIFVNKFIKISWLNCFILSILMYISSIYLVPFILNIVNLGHLNEYVTTGYINTEYANLSNNTNTLLVQAYKWLIFFVFLIFFIKSRTLFPEFDNYVRLLIVFSAMTALSITIFNRYFIGLISPLVFIGGVSCLSRLSFKPLFQMIIIITLLFNILVINIFLERRQIIMAKMWRGLYLPPAFSLLYSMRDFDNYLKEIDNDGNWVKNRLAE
ADI77033.1	Escherichia coli	serogroup: O71	GU445927	MEYTIIIIFFVLLYFTSKVTWPFSGKNAHPINFVLFTQIFILTLPGVLILTFFKECAGSITCEIIAENIKINVMLDYFTVLCFILLGVLSSFFLLKGKTDFRPASNAHRRYLNTCFILTLLIFLVKIISVNQVPLFLTLLGHKDAAEIQKAEILRGEDGFSFPVINFLIKYFPLYFYYSTLIGLFKRKVTIVYFVMAFLVTSVTMLYDLQKGPVVIMIIGSFWLYWAYTGKAKMIVVGGIFSLFLVGVLFYISFDFGDDTQYFITAVLNRTFIAQNDGMYWVYQYYNILPNKELYSLWGVPLAQQFGIPQIDPLSDIIGVVFPQAKDSWVNTTTFLLGEAKAIFGDYSSIISSLVVFINVFVVCVLSTLLVRVSKNIFYPAIFVMIQTIPFANNLTDLLYGRFIFGFLVFMLFPVLICFLCYGKLKNDE
ADJ19203.1	Escherichia coli	serogroup: O161	GU220361	MLTYSVVNWKAKLLYFILFLSFLNAVLRLSEDGLSIYRLFIPLQIFLIYTLSVTEFKKFIVILLLLLLFGATGCMISTYSLNENNLVFLIHYSILILTFFSSSVLISITGETCFYKFTAFFFGFLIVTGIMDLFGVTFPNIEHIPDAIRGIHRIENDYSLALVSFVFVVFSISRKKITASILTFFTSAICFYNDSKVALLFVVAGYFCFIFKNIRFRQKGIQVDIIFFFVIMLIMFLFNYIFSYKIAFPGRDIHIRTNRRACYQIIELNPYGDLYGSISNRTDMVIYTLKDLFSSFGLGIGFGNTLTMLSTAKYAFIGSAKSIHNFPLQFIAGIGLIFSLFLLYSILKQTSLYTKIIFFLMLLASLSQSVGVFSNYYFFCCLFFIILHGKQNGRV
ADJ19217.1	Escherichia coli	serogroup: O61	GU220362	MIEFLLFILCSFILYQVFYVTKEFKSNLFLIMWGYTFLFVTPVIYIFYGGEKYRVFSDESALTFYLLGCLSAAFIILMLLFKVSLNRIKICKINLFISDFILKIIFSFCIMFVVLYILFYWREWPFFDFVSGDISDRPDIVKGTFQGFFIYSLFTSIIIPGIYFHLKDKKGKLFNLLFFIFVCFSMVVSGNKGVFLYFIIFNVLFEWKKIRLSTYLIIIVGLMAIYALIRLPFIGDNFSLSYLIESISERIFLTQGMAMPAVIELAKSTDVTMMNSNDLKYTLFNFVYGYSPGSMPLFYTAELYVRYGWLMMSFISVIISLVFGFGAFVINKTKDSAIRWVYYISLYALIMGGVGSANLFFFIVAILWWLLLTLSNGTITSRSGK
ADN43838.1	Escherichia coli	serogroup: O115	GU068041	MVLIILLSISMIIAFLIGIRQKDVCCYLIVCMSSFLFAFVVMCIVFLLLKFNGNAELIFPDEMLYVNDSTSQLFFSRYVQFFDKNFSLDVVRWINITLFNISLAFLASEISSYLYGRTRLFCSLLAITGTIVGGYWAFFILKEAFSVAALSMLIVSYIRKSKVFLVFASCLLFFARPELLLLYIAITIAFYFKRKNTHLYYLAIVTSMVCFILFMNSEYSYSIKLFTLSRRFGESEFEFDDVAITTSNLSFFPFIMSEPFRQAVMTNINSTFNPFLDLNPLVVVQRLYNIIGFYIFLTCVKPYLMKDKLYSFAFIVLLGVLFTHSVYRYFNTILIPFSLYFLFLKYRGLNKGSYK
ADN43845.1	Escherichia coli	serogroup: O126	GU068042	MYIKIYGFSLMENITIYDYVIVNNGLFNKDAVIVFFIMFYLFGCLINIVSNYVSCIYVLLVLIPLSLLFALNGPDKASYLSLYNAIDTVSDVFKYYNTIDSPLYYITMVLFKNIGLTFYSFMVVQNLIISFSLSYLIYKYKWGYHIAMWLYFTHLLVPFSVRGHLVIITILFANRSVASKIISSLGLVAIHPLISALPITYQLRGLIRGKRSILIIVLTICALVFSASYLISKYTSYAINGDEYVKNTGLSLIYIVDAIELLLFWSIIRPIALIDKLFLLFPVVLSFGTIIIPMLGRFSYACDLVYILILINNANRLKNKKTLFMCLSLIALIRFVKNYYSIEYFIL
ADN43858.1	Escherichia coli	serogroup: O137	GU068043	MNWKIKKNVELLILFLVLNQLVIDTFNGYFIFSSQGGGNISVIYKIIIFFLFLFYELVSRDRFIVAFSIVTWGVFLTFFHLLSNNYTEVVMDLSEYIKLATTFIVFLGVSKFSYINPLAFIKYLSVYSFCIILFNILLSAFGVGETSYSDFGYKGFFYAANALSGVFCIVACFLMYITLKKSLTYYIICAGVLALCSFAIGTKTGIVFVAISLVTIPLLMEGKKAKIRVSLLSLVGFLCALVIYADKIYTSNLVLRIVHFYEVGGWSKMLFSDRDLFLKYNIDQFLNSDPVSLLIGIGYAGINAFPKPLTEIDIADITIIYGMLTTSAYISFYIGILFYSNGYLKKNCPRDIIAISRYICLVLMIVSSIAGHILFNGMVTLYLGIAMALPWWMANYRTRHIKGLKINV
ADN43871.1	Escherichia coli	serogroup: O158	GU068044	MPYIVISLSPFLAAPSFLSTLGTLSFFSLIIANLYFYFKMSTSAVLPRTITPMICISFLFIICLIFSVLYHDVASKTINYFFFYVFMISCIIAISFISYTKFIDLKKINKLTLYILIFLFIFAFIEYYYIITNNGYISWVPRFERPDYASNSFSGLYRIRLFTYESSSAGALLYSLYLIFLYNIKITYQKNIFVLLISLALHLMIFSSTQFVFFMIIIIAQFFSSNLISRKAKIFLLILVLVGIVVASHEVGILINYISNKLDGFITGNASNASASERNKLLLIGVNAFLENPIFGGGLASFYNYVDTGLVNFHLQTLQQLGIFGYLLFLTFLLYPLLFFKQYTLEIKLLFILTWFTLFFSGSIWDSNLYLPYLFIAGKSNER
ADN43883.1	Escherichia coli	serogroup: O165	GU068045	MNKNSNFFLFLLVIDVFFTIILCCASYYFHENYTLRCITLFLFIALLLIILKINFLFFYLSLLLIYGYSGQILSLFFIEQGGSYLNELQNQSHSNGAMSLLILIVTFAIMINYIFFTLVFRNLTKVRLWFANGNNTVRLINVLFIFAYISIIFLYGNAYGSAGGNRVIYRHDYLPSWAGIFIDLQWIPVLVLGLLYINNKKKEFFIFLILHLFFRVLFGEKFTMLVQLLYISFIPYVIFFHQEINVNRFIKIVLFFGVLLGTSIFLNYFFIENAGFERIEQRIAQQGQLWWYVVNNYLEKGGSISVINEFFSYNKGDCQQGMDLLMCKSMSPSLYQLYIEKQYVLTSGYPSILLLYFGPYGIILFLFASPLFLLPLVMLYVSLKNKKILASIISFRVFFSFFSFYAIGNMHDLLNLKTLIYFLLWLGVYSIPKIVFVNRKACNYD
ADN43894.1	Escherichia coli	serogroup: O173	GU068046	MLETYFIYNFIMLCGIFFAFVKENTHSIIFKVASSLMLIFVIWIPSGIRYGIGTDYFSYLRIFQSALEGRVTTEIGYYLINYLVVVTGGEGYYIFLISSLIIALVIVINMPRHYSCLYVLIFFCIIYLPSFSLVRQSLAVVFLLVSIKHAIENKILLSYFFALVAISFHLSSLLILPFIILRKVRVPPLLALCMIVFCIIFFLSTNILQDIINSSFIASTKYGFYADTKFGGEAIIGTGGGVLIKALLPLMIILQSSKIVKSQPNCNIIILLSIVAICASIASLRIHIFSRVSDLFMFLPLLGVTYLMNSFSKKITKQICACLIFLSMIVLFERTIATNLSENNSGLGVSPYTTIFDVR
ADQ37322.1	Escherichia coli	serogroup: O151	HM204926	MVEGFVIYNSIVLLALLFCYLKRFFLPRYFTVCLFLVLWVPLALRYGIGRDYFSYIEIYKNVLVARDGIELGFYYINYILAYFNFHYQYLFALSSFITVYFCVKSFDRDYTLVSIILFCALIYLQAFSIIRQMIAVSLCLYSCSLWNKGCKCKSSVFLILAPLFHFSAIIILLLAIASRYIKINTTRCYFVFVFALVFIFILNGVDFIFSNAILLDSKYGYYVTSAFNRPTEIGSGIGVAIALFLPFMVFIKSTQLYEYNKNYNFMLLINLVYVISYTLSLKIYIFARFTDALSFVQILLIPVILKISSPKGIYYNLMMAVILLHILLFEANLNANTISAGNISNSGLGIMPYKSILNTKIVGIYD
ADQ37335.1	Escherichia coli	serogroup: O118	HM204927	MVEGFVIYNSIVLLALLFCYLKRFFLPRYFTVCLFLVLWVPLALRYGIGRDYFSYIEIYKNVLVARDGIELGFYYINYILAYFNFHYQYLFALSSFITVYFCVKSFDRDYTLVSIILFCALIYLQAFSIIRQMIAVSLCLYSCSLWNKGCKCKSSVFLILAPLFHFSAIIILLLAIASRYIKINTTRCYFVFVFALVFIFILNGVDFIFSNAILLDSKYGYYVTSAFNRPTEIGSGIGVAIALFLPFMVFIKSTQLYEYNKNYNFMLLINLVYVISYTLSLKIYIFARFTDVLSFVQILLIPVILKISSPKGIYYNLMMAVILLHILLFEANLNANTISAGNISNSGLGIMPYKSILNTKIVGIYD
ADR74237.1	Escherichia coli	O109	HM485572	MGCTTNQNLIYKSRVSVGSVIVLLVFCIYLFMPPMIMVLLSQSSLSAGMMVVATLLHISFAHYKILNYKILTAVLLILIYGTVSTFYSPDMKPLFSAIALIYIYTATVKFLKYLQEIHDLDAKKAISWLYYIMIIIGIMGVVFNIRFGNYAVKNYPVFPFAEPSHFALAYAPIAICYQLYYCSNKFHSFRTIGISLLLGVLYPNLILVIIGCLQFLILPKRYSVPLLFILIASVAMYIIKAGMQAIDYFYYRIFFDYSNLNLSNLVYLQGWEAAWIALKETRLFGLGFQLNGTQSAGFFTDLINSINKSELNRLDGGFLASKLISETGIIGIFFVLFLIFKAVKIIFINKKYQFSFYNKLYFSIMVSLLVELIFRGYGYFSPTFILALSFLSIPNTVCRNEITTHE
ADT75640.1	Escherichia coli W	NA	CP002185	MKVKAVPAITFYLSLMLTILVLLFGNEPNKSQYILVIATITVFYIAYITNKITSPASLLVISSFVFLGCRPLLSLFANYDYRIADWFIEGYMDDDVIMANYAITLMYYGYTLGLILCRNTEKIYPHGPYPEKQLLKIKFLLTLFFLGSIGMVVKGIFFFNFIESNSYVDIYQSNITTPIGYDFLSYLFYCSFFLICAFHIQFRTNKKFLFIAICIAAFSTLKGSRSEAITFLLTVTCIYFNEVKTRNLRLLITMIFVFSVIFVISEFISMWRTGGSFIQLMQGNNPVINFVYGMGVSYLSIYQSVKLQLLSGGYNVTYLFSQLIITCSSIFNVKLSLPEISYSHLASYTANPELYNLGFGLGGSYLAESFLAFGLIGCFIIPFLLLLNLNVLEKYTKNKPIIYFVYYSVLPPILFTPRETLFYFFPYLVKSIFVAFLVTLYIQYKKD
CBN82200.1	Escherichia coli	O70:H-	FN995094	MVYNILILIIFIIIVLISNKRLRIFSFKPTFLGAMFLLSLFIQIVPGTILVSFFDYPMSFGVDTTISNEVKIETFRYTFISISALLFIITAASVFLNFDVDLIKLETRYLRAKLLTFFSLVVILVKILSVGNIPFLMVLHGDFDGAALAKAQILKNEVGFGGLFIGYIFVYFPYISLVYAYCQKKKQQYGIEVFRLNLLLITIYSIYDMQKSKFIVVLFILFILYLKFSKKINYWLVTGIPIVSIFLLCSFFILLHNIPMSEVFDSVFARLFIGQTEGSFMIYQALTPDISRIAYGMPLAGLFGISSVDPAAEIITIFFPTAGDAWINSNSYFQAHAWSIFGDLSLILGPLFVALNIIGLYFLKELFSKVDKAYACCVYIVSILTLPIVNDFSYFLFFKSWFCMIVLMLFYISTVKFIEICCNYKR
ADV17650.1	Escherichia coli	serogroup: O11	HQ388393	MINRNIKISASFISIIYLPLALLLAMIEMINGARWSVYVCSFMLGVLAFLLIPYENWDLTRHYETYLYVSQTSLNKVFENSDNRYITINTVIYLFKSLGIKKEFLPFFSTFLSYIFYFNIYVNYIKKYNPELSHRCIYLYILISVIPFFAIASSLRQYLAFSIMLYMIVQYFTSENNRYKSQKIIFSAIISCCIHPSAILLLGVFFVSKLIRLNKTILYLIILVLILNHDGLISSLLFQLIRPLLESLGFYFPEYMDSVTIGISNSLLSTNEYILNKIILPSVFFIFTFIYLILFNKKMTRQESQIKNFCSLLLLLICLLSLSPDLFYRFSIFWVLLYSYIFFSYDINKISKLCKHLIFLILIAACSIINLAQANMGKDIIYVSWCDILYKPSLFLFNKEVKSAEYIRVSQ
BAK68980.1	Escherichia coli O157:H45	O157:H45	AB602249	MKSAAKLIFLFLFTLYSLQLYGVIIDDRITNFDTKVLTSIIIIFQIFFVLLFYLTIINERKQQKKFIVNWELKLILVFLFVTIEIAAVVLFLKEGIPIFDDDPGGAKLRIAEGNGLYIRYIKYFGNIVVFALIILYDEHKFKQRTIIFVYFTTIALFGYRSELVLLIIQYILITNILSKDNRNPKIKKIIGYSLLVGVVCSLFYLSLGQDGEQNDSYNNMLRIINRLTIEQVESVPYVVSESIKNDFFPTPELEKELKAIINRIQGIKHQDLFYGERLHKQVFGDMGANFLSVTTYGAELLVFFGFLCVFIIPLGIYIPFYLLKRMKKTHSSINCAFYSYIIMILLQYLVAGNASAFFFGPFLSVLIMCTPLILLHDTLKRLSRNENISYNCDL
BAK69033.1	Escherichia coli O157:HNM	O157:HNM	AB602250	MKSAAKLIFLFLFTLYSLQLYGVIIDDRITNFDTKVLTSIIIIFQIFFVLLFYLTIINERKQQKKFIVNWELKLILVFLFVTIEIAAVVLFLKEGIPIFDDDPGGAKLRIAEGNGLYIRYIKYFGNIVVFALIILYDEHKFKQRTIIFVYFTTIALFGYRSELVLLILQYILITNILSKDNRNPKIKRIIGYFLLVGVVCSLFYLSLGQDGEQNDSYNNMLRIINRLTIEQVESVPYVVSESIKNDFFPTPELEKELKAIINRIQGIKHQDLFYGERLHKQVFGDMGANFLSVTTYGAELLVFFGFLCVFIIPLGIYIPFYLLKRMKKTHSSINCAFYSYIIMILLQYLVAGNASAFFFGPFLSVLIMCTPLILLHDTLKRLSQNENISYNCDL
BAK69191.1	Escherichia coli O157:H43	O157:H43	AB602253	MKSAAKLIFLFLFTLYSLQLYGVIIDDRITNFDTKVLTSIIIIFQIFFVLLFYLTIINERKQQKKFIVNWELKLILVFLFVTIEIAAVVLFLKEGIPIFDDDPGGAKLRIAEGNGLYIRYIKYFGNIVVFALIILYDEHKFKKRTIIFVYFTTIALFGYRSELVLLILQYILITNILSKDNRNPKIKRIIGYFLLVGVVCSLFYLSLGQDGEQNDSYNNMLRIINRLTIEQVESVPYVVSESIKNDFFPTPELEKELKAIINRIQGIKHQDLFYGERLHKQVFGDMGANFLSVTTYGAELLVFFGFLCVFIIPLGIYIPFYLLKRMKKTHSSINCAFYSYIIMILLQYLVAGNASAFFFGPFLSVLIMCTPLILLHDTLKRLSQNENISYNCDL
BAL03056.1	Escherichia coli O183:H18	O183:H18	AB627352	MIIITSFMVLLFLFTDNLKLKNFRIILFYFFSLCFSVLVYFRPEYMLNTDYKEYYNYFKWINFDNIYNLSDAIGFEYGFGYIVTLLKYFFESERACFSGIAFLSVFISYKAILRLNPKTTAFSFSLFLLSFCVYIFLGQIRQGISLSLGLLAISYLLEDKRKQFLLTVIIASSIHVTALILILAPFVKYFRIKYIFYSLLLSFAFVFIDVIKPLIITLAQFIPFGSFITGKIIAYGNSEFSTKVGFSFIQVYYVLLSTVLYILVKKYEYKNNYILILCKIFMVGVILNFTFNSFSVLLRITYYYLALDCILLGYLLNMAKNGYTKILIYCPTLMLFILRFYMQWSEHING
EHX11459.1	Escherichia coli DEC11C	O45:H2	AIGX01000028	MGNAGLQTRYTDVRPRGNILFIFIYKKFTKKMFIYTVFSVITIVLLFGAVGDIRGAENPYQYLLSPEGQFLSSLPSGFTWFYVYVTAGLANLAYNFAHIVPVYDFTSFQDLFPSVIRNLIYSDLGFHDTMELVDDNANVSTMFEKLMPDLGIAGSLIVVTCLLLLFSIAYKNLLKSYHYSLFPYAIAMQCAIFSGFYNLFFIQTYFLLFIVTLVFVRIKIFTGSHSHV
AFC91419.1	Escherichia coli	serogroup: O45	JN859205	MSIFLMSPGFVYASIWLFTIILYSLGLTTNISPLSNEMVVFLSINVTLGLIFSLPFITPGSINRVRLDEIMPSWRATKIWLIIWCFVIIPDVVAAGGIPMIMQFRGGYNYTEFGIPTYHGIVNMLFLFVFPSLYYHFLLSKRKIILLIILLMSIWEMLVFRRGILMSGLVEIFFLFFIYKKFTKKMFIYTVFSVITIVLLFGAVGDIRGAENPYQYLLSPEGQFLSSLPSGFTWFYVYVTAGLANLAYNFAHIVPVYDFTSFQDLFPSVIRNLIYSDLGFHDTMELVDDNANVSTMFEKLMPDLGIAGSLIVVTCLLLLFSIAYKNLLKSYHYSLFPYAIAMQCAIFSGFYNLFFIQTYFLLFIVTLVFVRIKIFTGSHSHV
AFC91458.1	Escherichia coli	serogroup: O45	JN859208	MSIFLMSPGFVYASIWLFTIILYSLGLTTNISPLSNEMVVFLSINVTLGLIFSLPFITPGSINRVRLDEIMPSWRATKIWLIIWCFVIIPDVVAAGGIPMIMQFRGGYNYTEFGIPTYHGIVNMLFLFVFPSLYYHFLLSKRKIILLIILLMSIWEMLVFRRGILMSGLVEIFFLFFIYKKFTKKMFIYTVFSVITIVLLFGAVGDIRGAENPYQYLLSPEGQFLSSLPSGFTWFYVYVTAGLANLAYNFVHIVPVYDFTSFQDLFPSVIRNLIYSDLGFHDTMELVDDNANVSTMFEKLMPDLGIAGSLIVVTCLLLLFSIAYKNLLKSYHYSLFPYAIAMQCAIFSGFYNLFFIQTYFLLFIVTLVFVRIKIFTGSHSHV
AFC91472.1	Escherichia coli	serogroup: O121	JN859209	MINLNPVAILTLLYLSINFLSMLIGCSSGEIQVETSIFRVSEESLIYSFLLQAICLIFLYYIYKYFTNRISYPPLTFKAKWGRALLIIQIAFIIFNTQMGVNTAGSVERIEGQSLSNYLFIILQPDILVAVISVCLNSGFLFWTNILVYLLSMFLRGWMGGTFVILFLILSRYQNLRISLKTFLVSLCSLLLLFSILPALIEAKWAMRTGISLSVFISNMSSYVTPENYYAGINYLLNRFQHVGHLALIYENADDLFKKYNAGYFSSYYMDGMPQYFLVKMYNLDMYKLSFYLVQYFFDITEPTWNINTGVVGWLYILRYESILFAFYIMLLLLVPYYVVSRFAGKRMLSVLACFSIIYLFHGWLGAYVNLAFYACIISLLANIRLYRTVYIPCEK
AFC91514.1	Escherichia coli	serogroup: O121	JN859212	MINLNPVAILTLLYLSINFLSMLIGCSSGEIQVETSIFRVSEESLIYSFLLQAICLIFLYYIYKYFTNRISYPPLTFKAKWGRALLIIQIAFIIFNTQMGVNTAGSVERIEGQSLSNYLFIILQPDILVAVISVCLNSGFLFWTNILVYLLSMFLRGWMGGTFVILFLILSRYQNLRISLKTFLVSLCSLLLLFSILPALIEAKWAMRTGISLSVFISNMSSYVTPENYYAGINYLLNRFQHVGHLALIYENADDLFKKYNAGYFSSYYMDGIPQYLLVKMYNLDMYKLSFYLVQYFFDITEPTWNINTGVVGWLYILRYESILFAFYIMLLLLVPYYVVSRFAGKRMLSVLACFSIIYLFHGWLGAYVNLAFYACIISLLANIRLYRTVYIPCEK
AFC91570.1	Escherichia coli	serogroup: O121	JN859216	MINLNPVAILTLLYLSINFLSMLIGCSSGEIQVETSIFRVSEESLIYSFLLQAICLIFLYYIYKYFTNRISYPPLTFKAKWGRALLIIQIAFIIFNTQMGVNTAGSVERIEGQSLSNYLFIILQPDILVAVISVCLNSGFLFWTNILVYLLSMFLRGWMGGTFVILFLILSRYQNLRISLKTFLVSLCSLLLLFSILPALIEAKWAMRTGISLSVFISNMSSYVTPENYYAGINYLLNRFQHVGHLALIYENADDLFKKYNAGYFSSYYMDGIPQYLLVKMYNLDMYKLSFYLVQYFFDITEPTWNINTGVVGWLYILRYESILFAFYIMLLLLVPYYVVSRFAGKRMLSVLACFSIIYLFHGWLGAYVNLAFYACIISLLANIRLYRTVYIPCEK
AFN02899.1	Escherichia coli	serogroup: O180	JQ751058	MFNALPGGILIYYTNVTNSVLDKESAEYRIMGLYLILYMMIAFPLGLLFIKPFFFKVGDIGFLTRYQNKPLVGLASTNDAHARVMLTLLTGGCALSLLYVTWSVGNIPQLSFIYHMTHDDILRIRVENSRHFNGLLFIKTIFFEQLTPLLSLVVYAFYRQTKKRYDKLLFVILFIMSLYTVTFSLSKSTLVVYLAFFIFMRIYLNGRIPVMKFFIAAAILFILLIFMFFIVTDQSTADVIVYLLNRMFIDQVSGLYLMLQLFPQTYPFIGVDSLSSILSSLMGAEFVQPSTRLAMEYAFPTAVAEGKMNLLSTLFIGEAWANFGWLGVAISPLYVGMITGFIYYFVLSKRKTPLLIGLLTYCSFGTNFSSQLNMYIYNSVMISLILALGLIYFISVLAGQLSKR
AFS33314.1	Escherichia coli	NA	JX087966	MNENQINKQRSGKYLTAFLCCAFLSINSLAINPAYIYGAGLLSIIIMLIFVKAKISKFSMVTIIFAFAILLCQVIGIYYKTQTTGYPEAPNYITPFLFFYSMVISVGVNEVFMVLNYDTRIKCYKNFLMFFVMFMFLELITRVIIGNLSEGILYAFKKSLFYFDSNFTALIDISILGFLLFLKNNKIYNFKYTRYITYILLFLTMSRAAMVTLLAMLYVLNNKAKIGKRSALVFLFVICVFIYMSISHLFENSNYSNIDGSFNSKFYIISQAFEFYTTQSLMTHMFGVGLGNTEQLLGIFAHNIYVTLVLEFGFIGSFLFITFIFYSLKKTNFNSLYIWLPVCISGISLFGAYSPFLFILNAVIYNETRYLGNQKL
EKI39969.1	Escherichia coli 07798	O157:H39	JH964427	MIFLFLFTLYSLQLYGVIIDNRITNFDTKVLTSIIIIFQIFFVLLFYLTIINERKQQKKFIVNWELKLILVFLFVTIEIAAVVLFLKEGIPIFDDDPGGAKLRIAEGNGLYIRYIKYFGNIVVFALIILYDEHKFKQRTIIFVYFTTIALFGYRSELVLLIIQYILITNILSKDNRNPKIKKIIGYSLLVGVVCSLFYLSLGQDGEQNDSYNNMLRIINRLTIEQVESVPYVVSESIKNDFFPTPELEKELKAIINRIQGIKHQDLFYGERLHKQVFGDMGANFLSVTTYGAELLVFFGFLCVFIIPLGIYIPFYLLKRMKKTHSSINCAFYSYIIMILLQYLVAGNASAFFFGPFLSVLIMCTPLILLHDTLKRLSRNENISYNCDL
EKI95922.1	Escherichia coli EC1850	O157:H7	JH953200	MKSAAKLIFLFLFTLYSLQLYGVIIDDRITNFDTKVLTSIIIIFQIFFVLLFYLTIINERKQQKKFIVNWELKLILVFLFVTIEIAAVVLFLKEGIPIFDDDPGGAKLRIAEGNGLYIRYIKYFGNIVVFALIILYDEHKFKQRTIIFVYFTTIALFGYRSELVLLILQYILITNILSKDNRNPKIKRIIGYFLLVGVVCSLFYLSLGQDGEQNDSYNNMLRIINRLTIEQVESVPYVVSESIKNDFFPTPELEKELKAIINRIQGIKHQDLFYGERLHKQVFGDMGANFLSVTTYGAELLVFFGFLCVFIIPLGIYIPFYLLKRMKKTHSSINCAFYSYIIMILLQYLVAGNASAFFFGPFLSVLIMCTPLILLHDTLKRLSRNENISYNCDL
EKK44895.1	Escherichia coli 8.0566	O157:H7	JH970567	MIFLFLFTLYSLQLYGVIIDDRITNFDTKVLTSIIIIFQIFFVLLFYLTIINERKQQKKFIVNWELKLILVFLFVTIEIAAVVLFLKEGIPIFDDDPGGAKLRIAEGNGLYIRYIKYFGNIVVFALIILYDEHKFKKRTIIFVYFTTIALFGYRSELVLLILQYILITNILSKDNRNPKIKRIIGYFLLVGVVCSLFYLSLGQDGEQNDSYNNMLRIINRLTIEQVESVPYVVSESIKNDFFPTPELEKELKAIINRIQGIKHQDLFYGERLHKQVFGDMGANFLSVTTYGAELLVFFGFLCVFIIPLGIYIPFYLLKRMKKTHSSINCAFYSYIIMILLQYLVAGNASAFFFGPFLSVLIMCTPLILLHDTLKRLSQNENISYNCDL
AHG15281.1	Escherichia coli O145:H28 str. RM13516	clinical sample	CP006262	MNIKKDKFINGVLFFWLIISSLYYLNAIFSGVDTLKYNEDLTQKIIKYIVCLLISLSILFIYKKFNYFFVLFFFLFLSVASALFSGAVTIYATTMLIIATMISFCLIIPLFSYNMVKVNRVLLWTGVIVGTISVLELTVFYNYMVSYWAATDGIRSISSLLNPTNSGAYSAIIILIALVTNIKSLFKRALFLIMPMITLISSGSRTAWLSLGMTLLLTVVLRDSASIRLRKKIFTLASIGTVCGALYAIFYMGSISGIESQYRGLNTYTASIRVENFLTYLNLVDLNMLLPDFLDKNINLISDNFYLVMFNYAGLIGFFIVLLILLLLIFWNIQFKIFNELMAEDIAIWRVVFIYFLISGLSNSFINSFPVNQLFFISCGYYIYKYKLVKSSIGR
BAQ00569.1	Escherichia coli	serogroup:O5	AB811596	MEFTLNFIIIILSFIPGYYLGVFRFKRLNYYCVLYWSMLLFCVIGSFIINSGVMDDSFFVGPIANNAEVKNLGLFITTISFFIFFLSAFIVEVFCSLYSGQSSVMIHWNNYYSRPIIMSSYKVVLTLCILSCALVFYYIVSIYPAPLSMALQGASADEIAVRRLEVTKNYSGIGYFKTLAGIIPIILSYYCFISYLKFKKHFLLFIFITCISTLTLAINGEKAPLVFYFLGLLVSYSSVREITKKIYVFSAFLIFSLILIMYVVLFQFDNSDYLLYILVERLFIAQEAAVFYAADYFSTHNLLGLSSMDTIFNKILSITPTARASEIFMYQYLPGMAENGGWNVNGFFAHETFSNFGYIGIVLGSMYGGIVNGLLCIYFRAREKTVLTMSFYSFYVVSVTTVLSSFNSMLFNTQLILVFIIFLILSVLDRRRKHAVPE
BAQ00622.1	Escherichia coli	serogroup:O10	AB811599	MFLYLSIFICISILSFFPYQKYLLKAIMIFLLLMCAFRSEFVDRDYTNYITLIFESANNLFYPIEISFKVISFIAVNMLGGYYFVFIIFALISIYLKYNIIKKSSPFLLLSVLVYYSNTFLLQDMTQIRAGVAGAIVLYSVLQYAKNKNIMSFVMLIFLASTFHITTLLFFIVLAFDTNVVSRRYIFIYFLTLFGACCCYYAGVNFLTLLRYIPVSYVQYKFSDYISQSQGADFVPVNIFSVTQLLHLLIVILSFIFSRKKILSRDKVLVIKIYSLSPLAFIILSSMPVFALRVSELFAISEIILLPFLPLLFRQKQFAKLAIIGICFIMFYINIYHLEILNEYSAL
BAQ00634.1	Escherichia coli	serogroup:O12	AB811600	MNHSYIYVYIFFVFLSFFELNDTNRARCDLYYAIQVIVLLLTMGLSYQIGVDWVEYERVYNGNSESLNNYEFGYIVLNNIANYLGASFWGFVILIKYTFFISLFLMVRKFSRLPVLTTTLILGLLFPFINDPLRQIISASILFFTIYFYNRPPKILGIIGGGVFHSTFIIIIIRYLKIFTKRSIVLIFVFVGVAILLFLKYGSFLGDGMLFRKLNFYMEYSSLSNLYGFALRFLLLSFIVFNIDVYKANCKFIRGDICYYFWIFSITYLWLEIIFVTFPLIPQRMRLYLLPFAFILLSNYLYYSRLTFTKNILAFICVIISFSSLCLFLDGPMGHFYSITDNIVLKYIQGFTNDKTYDANQFWINGI
BAQ00653.1	Escherichia coli	serogroup:O16	AB811601	MIYLVISVFLITAFICLYLKKDIFYPAVCVNIIFALVLLGYEITSDIYAFQLNDATLIFLLCNVLTFTLSCLLTESVLDLNIRKVNNAIYSIPSKKVHNVGLLVISFSMIYICMRLSNYQFGTSLLSYMNLIRDADVEDTSRNFSAYMQPIILTTFALFIWSKKFTNTKVSKTFTLLVFIVFIFAIILNTGKQIVFMVIISYAFIVGVNRVKHYVYLITAVGVLFSLYMLFLRGLPGGMAYYLSMYLVSPIIAFQEFYFQQVSNSASSHVFWFFERLMGLLTGGVSMSLHKEFVWVGLPTNVYTAFSDYVYISAELSYLMMVIHGCISGVLWRLSRNYISVKIFYSYFIYTFSFIFYHESFMTNISSWIQITLCIIVFSQFLKAQKIK
BAQ00669.1	Escherichia coli	serogroup:O18ab	AB811602	MFSLLGTKSRITSPLPLHFLPWLLTLIVGISNYDQFYEFNEKSFYSLLIWFTVIFIFYFIGELVNYKRENINVYYGLSHIKYECKKYWIIVIPISLYTIFEIYMVGMGGADGFFLNLRLANTLEGYTGKKFILMPAVYPLMMAMFAIVCLTKTSKLNKYSIYFWMLLYCIGTMGKFSILTPILTYLIIYDFKYRLKVKKTIKFTLLIIILALTLHFTRMAENDHSTFLSILGLYIYSPIIALGQLNEVNSSHFGVYTFRFIYAITNKIGLIKELPVNTILDYSYVPVPTNVYTVLQPFYQDFGYTGIIFGAVLYGLVYVSLYTAGVRGNNTQALLIYALFSVSSATAFFAETLVTNLAGNVKLVLCTILLWRFTVICKPVQ
BAQ00687.1	Escherichia coli	serogroup:O18ac	AB811603	MFSLLGTKSRITSPLPLHFLPWLLTLIVGISNYDQFYEFNERSFYSLLIWFTVIFIFYFIGELVNYKRENINVYYGLSHIKYECKKYWIIVIPISLYTIFEIYMVGMGGADGFFLNLRLANTLEGYTGKKFILMPAVYPLMMAMFAIVCLTKTSKLNKYSIYFWMFLYCIGTMGKFSILTPILTYLIIYDFKHRLKVKKTIKFTLLIIILALTLHFTRMAENDHSTFLSILGLYIYSPIIALGQLNEVNSSHFGEYTFRFIYAITNKIGLIKELPVNTILDYSYVPVPTNVYTALQPFYQDFGYTGIIFGAVLYGLIYVSLYTAGVRGNNTQALLIYALFSVSSATAFFAETLVTNLAGNVKLVLCTILLWRFTVICKPAQ
BAQ00705.1	Escherichia coli	serogroup:O19	AB811604	MNVVQAMVIIYLCYLIICFFFRLEITHPAVVHTIIWLISASLALVFAEEKYLPNNYYIVIANSMFFIFSFIGGIGVFNKNKAFQLNIDKNSYVNALPFCLIISFYLIILITYNVNVLSNISAFRDYLVADDGANYGLLGRIAMLSLFSSCFLLLRSRRLFLLSAVLCIPIIIILSAKTLVLLYLITILILTPNRLKISKLLIFFSIFILFFIGIMRLRYPEASFNLILYYLYNYISGGFLAFSQLPNSFNQVFGFYSFRNFYLWLNVLYPVEIANILQEWVNVPFPVNVYTYLRPYYMDFDYLSLFFPIIFGFFSGRIYMQKYKNRRIYYIVYPITFYAIAMQLFDDQYLTWLSNWILLIITGYIMTWEGVCRK
BAQ00736.1	Escherichia coli	serogroup:O22	AB811606	MNNNIIDTAGRLKLIAFNFMIFVFLVRVPGFPFIILSIISITILSLFLIKVKVELNNKLIPLYCFVIYMILRCVIGFVFNGGYEERYFMVLLLMLFVLIVFTVELKDVRLEQCYNGISAAVIVTLLIVLYEIISGNHMSTSRYSDINNEAFLWSVSKPTAFYYNENDMLSFVVCFLPFTFVLKNTMLRVAIFLLAAASAIYIGSKAAIITILIYGLFTKIISKKAILLLVVTGVVLVNLFATSLIENTSSFISGSSERLLGFWDTILSTRGGDESTSERLSIYKANLDWLGNHPLSATFGNGRFGDYESELMKVYGLRMGEFHNLHLEMITIFGLLFYLLFFSYYFYLWICLFLKKNKNTACYPLLISSAMYPLIISFGPSSSLKYPFLFILCLLMILGFRNDEKHAKKNI
BAQ00746.1	Escherichia coli	serogroup:O23	AB811607	MLIYNTIFVFLSFLALLDLSHKKNLLFFLFPCFILLLLTAIRGNGGDDFYVYEKYFNALPNEIFNYGYGYYSLNMFVKNFGEYPFFIIISSIICITLQAIFIYRETEKPTLVLFLFYSTSFLWLDFILIRQSISVGFFILAISFFKNNKKIFACLFLILSSLFHETAIFAGVVFYILYRAEKAGFLFTIGSVLIIAPFLSDIITIINDMTIKNNNITLYLEQRTLPSIANVIELTIAFVAFYIINKNSVFRESNEYKIYKSILYSSLCILLLSYTIPSLARFLEFFRFFYFILVVRMLMQFNVRSRYLFFVIILAYCFMRLNSFINQFDSGFDYIYNGKIL
BAQ00758.1	Escherichia coli	serogroup:O28ab	AB811608	MSIGILVLVFYVIVNFVMGIVFFNDGFLGGDFYGEKIDNKDLFLWVLGGELLLLITFYAIAVLIVKFTFNKRYPEDYYTVSELALKRFNIFLIVLQTSFILFIFATGFGRISLLMDENSSAANINSPIKYIFVILLPDFLFIVYFLVQKNNKKTIVNLSLYLISNIVRGWVSGPVLLIMAIFLVKKFSFKKIKIKTIISLVTCFIIFVPLVTSLKFGVRFQNDEISAVDLVQDSIENNVSYYLRTLNRFQHISEAYSFMDSMTFIRKDYADNRIALPFFTNDFINITSKIFSFEPQNLLTYGSKVLLDRPFGNIQSGILPWLSIDYFFSISYILTFFIFTILLSRFCKMLTLGYPVSKNIVIWFTIYYYAHGWLFSYMNLLIAMMIFIIFSKVFGGKILNKDNNYA
BAQ00780.1	Escherichia coli	serogroup:O30	AB811610	MFRISDFFKVNLLFLILTFSYVNLISKQFSYMGFKDDFNIERFGVSLIFCVLVAIYYASVQEFFNKFISTLFLIFVIMPNLVLFSGMGGDIRIIIWCVLSLPITLFLLRILPVIKLPVIKDKQVGALLWGLLILCIIPVLLAHGINFNLKVFLLDVYDIRRESRLANTMASVYAYFWLAKVICPIALVYAIERKKIVMAMIFTLVLLYLFMTTGHKSVFFTVILIMVMYKGGMDYQKKSNYIFNGALILFIFSILLTAIFSINILESLFIRRLLFIPALLNTYYFDFFDNKFVYYSSSYLSSIIDYPYDRPIPEVIGLNYFNSDEMSANNGYISDGFANAGSIGIFINIVLASILLKIFKDYDVNPKYAGLIFVSFYAIQGSAMSTVLMTHGGILLLILVPMVLGRRK
BAQ00795.1	Escherichia coli	serogroup:O33	AB811611	MITNYSWHMKNNNIVGMFVLIVSSTIMIYDPWFFGVGRGVVIIGSIFTLISFASGRFFIRKEEVKLLLLLMLFTGYSLLPAIYNYTLDTSVFFMYFKMCIYYILCFGFVRCFLKKEKLLFVLKGSVVIQCVFILLCLISSDVRNFIFSVHTVEDRFLISEQAYRLYFLSSSSFFQLSLFFGFLFHFMVALYKENKVGLLILILIFVCGAFSGRVFFLFAVISVIFYGINIRYVPLYSVIAFVLIFFAIKFSDNIFIRHALEPLINYINTGEFMTASSDKLVEKMLFIPDFSALVVGDGVYYNDDGSYYMHTDSGIIRQFLYGGGGYFISCMALTWYLLTKVSKNWLEKNKKFTLSTMIIFLIGNIKADVLMYPGIMINLIFILIFASGDNNDKSVYRILK
BAQ00812.1	Escherichia coli	serogroup:O34	AB811612	MTNTNYIYNEFIFRCLFFFLISGLITLSTIKPEGFDHDYKQYLYLFELYKNSIDLGFGYEVEPLFIYLSRLVNFFNGGIVALLFIYTAVALICKCIFIKRCTKKTSQLVFFVFLYSVIFYPIHELTQIRISLALGLLLWGSLQKNKIIFAMIMLLTMLSHYSLIPSVIFISLFRYLNDKIVRTQVLAFIALLCFVICLLLIFYMSRQTIKYDGTNMPFYFYFLHPYSLIMLFSLFYMRRYIKNHFYYQLLYILAMLYYFLFLSFLFLQSQIAAFRFMEIALFFMFILIFIINSSFKSSIIKMLMLILVVTMFLYEHVIAIEPILNFDILHNSFSKMDTFQ
BAQ00830.1	Escherichia coli	serogroup:O36	AB811613	MVIIYCLNVTLAIVLYYSFSLLATKTLRLTIINPFTIYAIILFPVFLLENILAPLFYGSDFALNQYYNEALFIYNIYSFVGVLSIIFFYFIFNIAFKNREIYLTCLISHTKLKRISNITLVLFITLFVLLSSKSEIGISGWLTNPRDGYQNYREGNGFLYAFSLSMLSVSYFSRALALCSEIKLFLCAIFYCTLVFFLDRKPLFFHLRFFYLAVLSLNKSRFLKFGLILVTPLAACAILYNLFLAIGNMNVDVVLSYFDQYQNSIYLLQDIDKGVVKFFNGTVYFSQFWSYIPRGLFPDKPFVYGFLHVNEIYYPGAAESGHTPAFSKGMDNFVDYGYVGLVILTFLSPMNIFYGYIFAKLKMFNAKVITNSASCFLLSIILISPSFGTYFAGPAYVLLLIFFLILFVLIERITLRGR
BAQ00846.1	Escherichia coli	serogroup:O37	AB811614	MIRLQNIILFVLLAFSGVYVSSWLIKPSYVAVIISFFILTILTLRGVRYSFSSSIFILIAICVFYTIFNQFALEGELPTIIFYSCLILIPLLVSTFKSSTSKSNILLVSYIILIIYYSFETFIRITNPDYSHLPKTGDDGITSTFYIYKINSIAFEDSNFISVILVVYYISLRSTALYSDIKVKYSLGLNIGLLTLILLTFSRSAYIGVLIFECMVLFFFKPDVNMKLRGLLVSIILVGGGICAHFIIEKIASDPSFISKFYIVDLTVKYLSHASTLDILFGIGFGNAINVLGMGAHNIFIAIFIENGLIGTLLYLYILIMLSIRYKLTMLLIIPISIMGLSFSQIAMPYFYVVIAWLIFVNEDRCEKISKCCNAHL
BAQ00858.1	Escherichia coli	serogroup:O38	AB811615	MNIYKNSNENSLSNNNCIVYFIPLLLLATFFFPLVVLIFIGALSPLLHPVLRNFYFYALLVFIIIFFSTLKPFGDIAEYLHVYHELNYNLIDVFGYSRFGDGLEFMFLAIMKFIGYISGGNDEVFLLSTYFLIVFFLSKILKDVDKKYKLFLLSLFFFNLGFIEVTSYFLRQVLSVVVFLYAINERSFKKYIFFLLSVFFHMSAVVNVFIYAVYMIFGSKKYSYAKIVFSILIGLLVVFFVVYNTPIYSVLLSKFTSVSGNDKFTRLPLNYIIITVVNICFIIMIGKRSKCDDFNKILFCKECFLFLILLPFPALSNRLGMIIFGFYPYFILPYLKAFERKGKSKYALLICLYVVNLVPFLYLMYNVSLGNNMFTFLNNHPFTEGVYGMIDYILEAIDKGVNYINEGN
BAQ00879.1	Escherichia coli	serogroup:O39	AB811616	MFLFKKPKFIFLLLFIISNIYSCLYFINTGHLLGEVSDFNFKSEETSIYINLLIIFFYLFFLVVIFRFFSKIHVNSLLDNDCRIKWCKAEFFWGKLLIIIQILFIFYFCLTNTFGANSVNRDGGIISALWVVLSPDNLFFIYYSIFRKSRYAKYNLLLAILSNILRGWSGILIFIVFIELCYRYREGKLKIRLLSKICGIMFLLYPVILAVKYGIRDSFLTNSNFWESFDRSWLYVFNNNGVLGYINGLLFGIEQFFSRIQLFSNAVVVYSLKHELANFVITNKVTSYWQEGIYGIIWNRIFDLPTSYNLGEVLANFIDPQSIIGSWNSNPTFLSWLFIDPFQIGIYLLFTIALCFITMFLVKKITSSTLSLDMLWYMWLILIMPGWFASLILFLNTLIIFYVITFIKLNVTIER
BAQ00893.1	Escherichia coli	serogroup:O41	AB811617	MSKLKSKYIRNNYARPGNDIVASIISLCVIITLHPLISLVLLSLINIFTRLSNKICYLYCLVYSILIVNREYLIEFNERSGDDTFRYIPFIKNIATFSFDKALTAESDIFSIEPLSRAYWWLLSVLGVNINVILLLQVFCWTTCLMVLAIKISERYAMIILCIGICFFSYTIPYTFFHLFRQAWGLSFFILYLCNWDKPGRFAFILLAGLSHLMFIPLLIFMEISRKGILILTSKYFPLLAAIFLIALYLTYNALLTKIGMYSEGENINYSPFKSLIYSLFFFSLLMLYNKYEEKIFHLSNIKFNISLTLISFYLFGLYIPLADIVNRYILLLSPLVIMFLTITKSRFLLLLFLLAALIKLSIHLFDVDGNIYQFTMRGYLDFYNVMDALYFYLERKI
BAQ00927.1	Escherichia coli	serogroup:O43	AB811619	MTIAKKKQLNLINFIRRFSILFFLIIFLSLSPNYIFIFYPELKFVIAILGAILALLGICDVRKIFKTYSSLFLFLFYGVLFFTSIISYIIYGNLNGVYFSLSILFKFLIVIIFVMSLKDIDILFLIKILINIMAVVCLFSLIGEFLYILNIIAVTNSFEFQTYLYHVISYWGAFTVSFDIYGMKIIRNQSFFQEPGFFAFYIFITMIFISIVQKLYSKNHFFILYGLFFLTMLSTLSLTGIALSAILSVYIFRGVVINSIASIISMSILTYILISDNPYVNKIGSLDERLYGLINGANVFYSNPMVFLLGAGYESEPLFMFDGKFNNLFFEILLYSGIFNLFIYMGFIIYIFRKCYGIKFKYFLVIIYCMTTPLFWSPIMIIFNVVLLRYNGVKQSLLRLNEK
BAQ00945.1	Escherichia coli	serogroup:O44	AB811620	MHKQYYSLLCNKIQFKHLAIYFSVFLSLSSCFLWGGADTFVSQVYIDILATISTALLVVLMFYYYINRVRYLSLTLLFAFVFSLIIGLPSIYLYYFKNANHGFEIICIWGMLINSILYLQTTETVIKEEKRYLTSLFYILFSIVALCQLYKILIYLMFILNSGEGHLAIYTESEELLSQVPFFIRAISGFAVVMSLSTFYFKTPTYIKVIAFVLLASDLAIGIRNKFFFSVICIFILYMYSNEYRVRNLFKQLSKPIFLIAGFLCFSMVSYFREGYQIDFMIYIGIVLDSLSSTLGGMQNLFDMQSSGWDQLHPAVVFTQVLPLSGLGFLDDQQIAKDFSIIVLGDVSSGIALSSSGLLESSLLSLNLGVIIYLLYLSGVMLFIKWGLNNQRIIINFVAISMISGFFYAVRGELILPLAFLLKSLPIVLISPLLVKNKIYHGQ
BAQ00957.1	Escherichia coli	serogroup:O46	AB811621	MKTNNKKIKALIFFISIFLYFFKSVFISLELPEDLIGGVSNIINALILAILSPVILLSNKKQCAFIIFLIILFVYNAIFYNNIYMFGFIIIACMLILSNGIYWRDIIRYLSLAHFLVFLFIIPLVFFAEKYSFIDDRFGVRYTFGFHNPNTFSQYLISLYVVFLLLFVEVIKKKSLQFLTVIILTLFIYGVISLTGSRTGMILTIITGFGFLACTLSKTNDKKRRKFVYLYILGAGILCFIQYYLALTYNHSEFSKNINTILSGRIWFSSQLTSQLWPVPYFHGVNINDYLPIDFFYVAYFYNLGIFIGSWFIYLFIRKMFVQTYTPVMVIALWLSLAITVTENYYAIPLYNISLFIVFSSRYVINENENSCTYPSSQK
BAQ00975.1	Escherichia coli	serogroup:O48	AB811622	MKLENNNADKKISFIGLLWLISCGLYITQITAISPVYFIFILSMILVFLTNVSCRKWDVSFFTLISLIISLLSTFLFINSHFSLVINLCMVLLSPMLVDFYYKGRSITKRNLLNVFLFYSFVFILDGFWRIQHPYLANVDKLEELGIGFQIYKVNSLMYADSNFVGLEAVFILSCFLYFFRDIKIVGLLRVRYFLVFCALFVGVVLTFSRAAIIAMILLFVLSVLMKNKRIKAFSYMLMPVLLIVLSWFVFKKFTDDISFESKFDLIRYSLEYIKNNNVEVILLGVGLGNAVDVIGMGAHNLFLTFLIETGMIGLFLFLVLLCIMCIYLKEDAIVIVLPFLIASMSLGTTAIPYFFTFTWLCILFKRKLFNVI
BAQ00994.1	Escherichia coli	serogroup:O49	AB811623	MISEKKNMRMSSFKAPLIFCLLAAFLPLGSTIGVAFSWVIFPAIAIILTFLVSRFFYRSGVYFLVLSIVLLVLNYGIVLQYVSFAERLEFNMLLAIIGCFYMSVVFFSYKFNFSDLSKAINIVLLISIILFFIQFLSYYLFNYRIDYSLATGGIGTRNDYGSLYRASGIFNEPAEYSSAITVLVVSSYLINRKLSLLNIIALISTMLSFSFVGIIQSFFVIYIVLFRNLCRKPVYIFLIIGIVILVWISFFDLFIDRYEAFINGSDGSNNTKLDTLNFFLTHTEYLLGGAGLIGYDPETMPLFMQGLYDLTFFGSCISIFGIVIGSFIAIAVTVYIIYNYTISDMTLIFICLLKINVMIYAVYWFFIILIIILPNYIQKTKVHV
BAQ01012.1	Escherichia coli	serogroup:O50	AB811624	MTENSPKYKHDKSLISFIYLFFIFTLIVGFIIAITQFLGRSRDYDNYIQIFSGKEGEGVLELFYRGLMLITTSYETIIFIILTCSFFIKARFLANYSRNFSGLTLFFIYYASVALWVLDYTQFRNGLCISILMFSVYYLFINKPTYFYFSVLCAIATHWSALPFLLLYPFVYSTKIRRLGYFCFSILVLIAISGEGKEIISFIRNFGVGQKIGNEAGVNLINSLSLTAISWFIISYISSIGNERRNLRLFFCYGVMQYVTFSLFSLPVMAFRILEMYFFLMLTIGVFIKQKKNYYFVFCKVLILLYLTYYYHMVFGVINV
BAQ01024.1	Escherichia coli	serogroup:O51	AB812020	MIPYFLMFACLVIFSLFKGNDRRVLNASMIILGIFCAMRGNNVDRDYETYISIYTYIIEGYSYAIEPTFHLLSIISNTLTGTPFLIFCVYAGLAIYFKIKFIEYWSPYLLLSVLLYFSNVYLLHEMTQIRIGLASAIGFFSLKYLITAEKKKYFIWVFIAMTFHFSMAVFFLLPLLNSKRLSGRYVTIYWISIILLYFLSYYKIDLSVFLKYFDIGIINSKYDLYREQGENNDTSVNIYSALQYFHLFVIFLSMVYRDSFRYDEKYIIMLKIYSLGPLSLLVFSNVPGFSLRLSELFNVGEIVLLPMLVSHIKQIKLAYLSVILISLCLLLINLYYLSLLKEYSI
BAQ01114.1	Escherichia coli	serogroup:O64	AB812025	MDSGNRSSIKIIKSNFIISICFFYTLTIYIFDAFLADNMFKFMGNTSLMLPIKLLGLVLSFICATLYTPKISRLELFILFILFIYVSSVFLGTSDAYEAFYFWSNYIGYFAIYLVTKIYLEKYGYYKLTKSITFISFLVFLLSIYVDFGAYERAAFRSEVGGTYICSQLSVRKCGISSNPNILATMLLPIIFEYCYMLYNRLHTKTTLFVFFLCLLLLVLTGSKTVLFLSLLFLCVTFTKISLLRQKSTFVILVSFSVLFLLIATIFGDYFYEIISSRFLSGNALDSSGRYEIYLGIFDKLNQNIIFGTGLDLREDYSQYFPGWLRLSDSVYGNILVSSGMFGFLIFTLTMFCFLATVIKKDRVRFLFLLVLSIGFLFEDYLLRGFSFMFIMSVTFYLISTNFKFGNTK
BAQ01137.1	Escherichia coli	serogroup:O65	AB812026	MIYFTVLVMLFILGVLSLIKKSNLFSPSILFPLVIVTTLLPSLLLPSVFYTPSVYSVLYIFVCTTSFSFFSFLFEQINIKSKLSCNVLSFNMSGYYFIAFVTFILCFLMLDEFLNKIAGFANFGAYAEYYRAASTSGEDDLKDSVNYLVRNADMLALPLSVIGLYIWSTRRVSSIFKITVVIFILFSLTLPIISVARSGAIRACIVLLGVFVIFFRFRLKFAILVLSFVVALYVGAGFMFGYGSGGYSSFSESIGYFLVSFIRYLSGGYYTFDSYLLGKVDIFFRFAFVDSILGKIDTTLTLAGMGGKCIVCYPENHAEFVQVGPAENFVSNVYTVFGVVFSNLGWLGVFYFSLCGAIMGSLYKAMKSGRVFFAIVYSFLLPGVVLASFSEYFFAQIPLLIRFILLYMILFKLSAHKNKLEGF
BAQ01155.1	Escherichia coli	serogroup:O68	AB812027	MLYLTNLIFLYQIILTVLLFLPSSIFSGLIIEYTIPLLFIFVMSATIYFITKRGNSFKYCQISICLPSKLILQCFFFFFIALNFSEFIFVATHGGHQALYMADRPLFPFLIFKLLAFPAFYFATIIILTKNYVVSRLLVWLALFSPLLTGSRGMTIFLLLAYLFVTFGPFFFIRFKFAILGFLMIISFIGIGYYREPINMSIADYIILVVSSLNEFAFASMNISNCQIPFSNVFTQFGDIFLGAKSDFRVATLLTECVSPGASEKGYGISSSIVGESKILGDNLWFLYFIAILSINSIMISILLRSGSRLSHMVGISLLPFILYSVRTEIVYPYVFLIKILIYILIAMIINQILVKSSAVEGANKFLI
BAQ01169.1	Escherichia coli	serogroup:O69	AB812028	MYIFRSEFVLAIFIFHLLFIILALYARKLDNKVLDYIFLILATTLALIISLFRPGFGVDEPSYLEAFINFKNNADTFPFDYSFKVLYEILSNTGIQIEYFNNTVSSLYIILLSITAIVTSSKNNKCFYFLMLLFSFTSLDLMFNAYRQAFAFIFIYNSLFLFLREKKIKGALLAVISFGFHWSAVILILFYFLSRFLKNKYSYLILLLLFPFVLISMFYPLGLMGIGYNVLLFLPLNELFKAHVLAYLEVDNISSASFYILNLFGRLPLAISVLTFYAFILIFYKKIRMKRIIAMIVLMAVYCLVFMEMAYSFRNYYWVLPFFPIIALDYAESNQAKIHSRMIGIAALHILIALPTFYSSGINSMIFNTGN
BAQ01207.1	Escherichia coli	serogroup:O74	AB812030	MNCIMFFYGVFFALPLSILNVLPYGMKIDDVILFIALIVFPILSFKKGYHVTIPLSCLLFIIITVLFASLSFLKGINSTNVFLGDSAGTVIGRIIQSLLILILITFLKNTPHYLLSFFKGYVIAATLSLIIFFGYYVTHINISSFTMRGVYFAKDIFQYNDDLPFTVHVNTLGSFFLIAFFLLKYNFPKYQLLSYLFLLPSLLLISKGDMLAILTYFAYVFYKRNNLNAFLSLIGLLILVLLMPYLYNVYLSLSDYRVYASGRDELYGASLSSIIDNPFGYGLGMQNNILYSITGIDFPAHNILLSIGIELGLLYLFLLVAYIIGWLLLGKVDYKIIFISFLVIGMFGNAMYFYKFHSLAIALCFLSVWHINFNHKTKQVDLINNENTLHS
BAQ01218.1	Escherichia coli	serogroup:O76	AB812031	MSEVFSKIYIFIILVVSPVLTLFSLFGLFPFYPVNFFIIGFGFFILIGFLFKAFYIIRINISINDCLIASSFTWFFIIILCYSDLYSYTEDGRYISAFRYYMPFFIISLCCYFIFKKGCAFFIKPIGLYSLLLMYCALVVITFLYFNLGTFKIDFSQLIDPSFIGVYQIVSDSLAFMAICVLSLSNLSKFSRISVIVITLFFLLILNARSGLIGFLLALCFIFDIRKIFIEKPVYVFFSMLLLIVIFMHISPDFQHISSFFESSNSRIYNIFSGNFYDDASFVGRMKLLLHSLSIIAAHPILGSFGSQSETDIDGFGVRWGAYTHNIFVYWDQFGIIGFALVSLIICMCYYNNKLLKRVSGIDLFALIVLVLSQQLFLKSFTYFYLFAMAGLIEGMKNVNKHNYNYQKFK
BAQ01238.1	Escherichia coli	serogroup:O80	AB812032	MTSLRLKDSFFIFILLVITSKYMIFSILPIGNVINVLACMLSLFLLFRRRFIVKIKSTTQKLGCIFFILSLLLFNISKFSNELTLFNAIIPTGLIMVFMVLIPLAFDKFDLIDALKKYSVFNFWLLVLGLTLYFLNLLGFLGASSLVAAADHANQDGYVSLLNLAYYPSWINIKVSSFIIHRFSGVFWEPGTLGLYLIFLITIEIILFEHEKLGSKIRIFVFILSGVASLSLLFFVSVVVLYFFHLVSQKKDRKTLLAYSLLICILTFICVYYYDYLYQAVLYRLDFDTQRGFVGNTRSGVVFEFWNQFSSGGLLSQLIGFGPYSKFEGDSTSIMIKIYQRGILGFIFLFLSFVCFSLKSSKLFFMPAWILALIILSQFEGAIFLVMMMLFSILCKYKMADHNQTSLS
BAQ01266.1	Escherichia coli	serogroup:O82	AB812034	MVKEFKIKTDCYIIILWFFIAAFKILFNNILYFRDVEVIQFIITILFWLIGLVIILRRFLNHAIKLDTLLIVCSVLICLSILNANLLTFVFAVLVWSSISYLLDRRAFIFFYSASLFFLIITILISVALNEQVFYIDGRYGKVPTFGFENSNSFPQLLVIYLLISTSRLRTSIILGSIILFFAYMELKTRSMYMIIILYPLVILLLKFFKGKIICILPLVLIVLNFVMVLNLNNEYIKSLDVLLSYRLSYSLELINNLSFSQWFTGTSSELGIPMDMSYINLVYKYGIIATAMIVVLAMKALHVALSHSDSKVVAIIVCFFCYAFVENVLLNYYLNPTLYFIFYFYAKNKQREWLNNNAG
BAQ01277.1	Escherichia coli	serogroup:O83	AB812035	MRNRILTLMQASAIFMFLTKLPMTTVLVVILSLATIFYKLLQNKLYFDKLNNKTIVVIIAMLLYMLCRIMSQYVVGIDLYDVDIDYIVTISLAFILFVSILFHRDAYAILYAIIASSLFTGGWAIFELIFNFNTLSSRFSDPGNIFYMSGNRVPTAFYYNENDMLYFLVLFLPITFFFFRRRLVSLVYFLMVLTLALYIASKAAVITLLIYVMWYFIFGVKNISDILKRIVLSILFVSIGVLILYLFGKDALDLQIIDKVVYRFSGLVDFINGNGGDSSSLERFSIYLAVASFIYSNISMLFVGFGNFSYYEGIILNHYPLRIADFHNMHFEIITLFGLPFYILLGCVFFYMYKMNKNISFNNTKVFKLMMLTFLTFLAILSSSVLKYPSFYVFIMLLAVLCENKSRVNEY
BAQ01293.1	Escherichia coli	serogroup:O84	AB812036	MAIYIFISISCLISYVLSNNDKNSLSPRFLLIILTLFTGLSYTNGWDWYGYLDFYNNIQNEGVSAIYEYNIYGIEYLYLIYLYIVGLSGGSFSLFILLNAIIINFLIYSFCKRAYVNYSLFMFIFIAASYLRLELSTIRQGLAVVIVIYSYSLLLNSKINLSLLFIFLAICFHRSAAIVLLFFPFVYYNSARNIHYFIVILTIPFVILSGELNVVFIKILNAFNSSLLNAYISKLIIYLSLNKQAIINPQAMALLVFYFICIRVCDVKNKKQIIFLNIIACQVIISFYFIFLTQLIIMRLVYYFQVGWICWVIILYKEYFRPKWLCFFLICLLFITKSILNFRYEQDRAVFFPYYNVISSYLDDNYGRSRSFILNKADELFKE
BAQ01317.1	Escherichia coli	serogroup:O88	AB812037	MNEISSSTLVNNYNLSTTFIVKSLVGLLLINSLFSGVDFYQIGLMKGLSSIADFGLKIILVFVLLVLFKIRSFNLVKIFFFAFMLLIGAALGAFYHGAEYDKTFALLLNMILWFVIFSYAKELEHNFDIYRFSVKISSLFLGITLILYIMAKFGFHVKVLGGAWLYDENFRFAGTFSEPSLNGYYYGLMFLMVMLSNQKYRLILAFVFAITTYISGAKFSFLIIPVLLGLVYFFKVKGFYNYTYQLIPLSFIVLFVSLAFIYYDLFALIAAHLSNSETMTYVTRLGFPIVSIWHLSDYPLGSGVYGFKSTLSPFIQNYCQALSGLDVNCNEMRSYISSDDPSAYESFAPKDVLSFIILSFGLPGLLVFVLSISLLSARLKENKNYFIILMYIVASMLFTLPFRFILFYSFFMFQCYIYRMPSNK
BAQ01361.1	Escherichia coli	serogroup:O90	AB812039	MMQITIPKSNDFRRFFNPVILILMSIVLNTFFQLYTSEEEWNSFFIFNQKPDYTVFFISLVFYLFFLFGAFFAYLFNYQKHSNHRSHYLYNFSFYNGLLKFVFYSNVISLIVTQYYMHEANIYISGGVSAQTIESQIASSPLGIHGISVMLGYFGIIMYGISRLIKDNRAIVFISILVIIIKFISYAKLQSLLYVLLALMLFSRRRISINKGVIIGGVVIFLFSFTRIIRNPEQNLSLSFDFLFRFVGGFYFGSPVVNFNYVIQNNIQDVFYFFNWFLPQKIIPASPISLEFPDVTSPIGFVGSAYVSLGIFSVIYAYLVGFIIQLIYLQRNTSPFAFVFQPFVIMACIFAMMYNNFVNMIFFILPLIFSYLVVIKTICARKEDV
BAQ01386.1	Escherichia coli	serogroup:O93	AB812041	MTPDVYFSHHKEEQSNKISYGVLIVLVALLSGYYVQYLSDTIYGVIISYLMLLAVVISSFKGLDSAVKIYLLFSLITPQFSRTFVEQVVNSNNQEVGSFYSFHSVQLWGLGLSVVAIIYIGLIALCKLFYTHAKLQRTNVSSYFISLYVVCGFLLLATIISTAIGKVPDMRNIISDARLFIVWTIGALVANLIYKDKNIIVKIYDILFFSICVVGVRTLYFLLNDYVTGTPNLEYATQAYVAYPLMFVFAMATRNKLKRAVLTGLSLLAAISMKREDIAFVFICIMLLLFLILLFRNNILRTNAIIALVMLILIAFLFVFTLSVYSPQSFDFLLYKFDFFSKLITGSEQSSGSVLVRLYEIRNIIGASINYIYPIFVGFGFGGYFDFSLTGFPINLGISDYSFNEILQNKFVRPHSFTNYIFLKGGLIFLIYYLGVILLFMNQSYKMMKKTLIIGTIYSKEFKVYLFCFLYAVFCVNMFWQPMHIFLFAFLLNLLLLKNIKRN
BAQ01419.1	Escherichia coli	serogroup:O96	AB812043	MTSSNKILSLLFGVILFLPLFPVQLNETQYHVTLAILLGLILIFLMSWKQLGGFKGGSPVLYYYLCLQLLLILSGVMGVDTVKEYQDLISLFRPMVLLSSFYLLYCLTSRNRDFFRTLIKPMKFICMAMFIWAVYESIIQNNIFQSINYLLYKMERKDDIKNVAVTFFFLPYYSAFVSVFMIAFFYTCRYTYKIRGTYKYIFMSFCCIVLTQSKTGVVAALFLIVCCELISSSQLKRIFCAVCVIILFFISFYFYDYLLMYLNLYFPGNFTRTVSQLADDPSSAYTLSARIEQFLSIYSQTMQHIPFIGYGLGRDLLIESWPATIYVRYGWIGICVFLIFNFFLIFKGICYYLTHTSNAFRYQAIIFSFWIISTLISQMSAMMTENTKTSFIYLVYLVIFMQLIYKPHKINKSNLG
BAQ01456.1	Escherichia coli	serogroup:O100	AB812045	MAFIRFVNFLIIFFISIDMGGELGIRNVSFLLLVLLIAYYIVTCKKIKFRLPYVLLIILFLGYPVASLFIGMSNNFDADTGISQISIFVFAFLYFLKRIIEEDNNLPLMPIQYFNNAMLIISLFYVLMLISYQFFPSIFNSIALYIHDRGAGFAGVRTENGVGFANIYLKSSLFLIFTYCCFLKRNTIKAAIIILATVITTSKALLLTEVLLLVTKLKGRLISVVVFVSALLLFIAIYFDEIMVVFNYMNETLQGNSETYLVRVHHFEDLVALFSENPINFLFGFGAGSSFFSSYYGKYIFNIELDHLNAIRKFGLIWFLSFMWLVFFNIIQLVRLKRNELALGLFLSFVLAGTNPVLLSPIFFILLIECHLLTLKVPCSTSGLHNSKV
BAQ01494.1	Escherichia coli	serogroup:O102	AB812047	MNENQINKQRSGKYLTAFLCCAFLSINSLAINPAYIYGAGLLSIIIMLIFVKAKISKFSMVTIIFAFAILLCQVIGIYYKTQTTGYPEAPNYITPFLFFYSMVISVGVNEVFMVLNYDTRIKCYKNFLMFFVMFMFLELITRVIIGNLSEGILYAFKKSLFYFDSNFTALIDISILGFLLFLKNNKIYNFKYTRYITYILLFLTMSRAAMVTLLAMLYVLNNKAKIGKRSALVFLFVICVFIYMSISYLFENSNYSNIDGSFNSKFYIISQAFEFYTTQSLMTHMFGVGLGNTEQLLGIFAHNIYVTLVLEFGFIGSFLFITFIFYSLKKTNFNSLYIWLPVCISGISLFGAYSPFLFILNAVIYNETRYLGNQKL
BAQ01516.1	Escherichia coli	serogroup:O108	AB812048	MISIAFFIIALILYSLIVLKTKDIIHPLGIGIVFWYFSASLSTVDILYDHQLQSELSLETLSAILLAGVFFVAPFVFSKKIDKNNFSFQRFDFNLFYRVFFNFIVALSVVAFFMRFGVMLTNPPLLSGAGSDLKSLVPNAPPLLNFIDVSMPYIALAALFELKYSYRQGRVRKYFLLSYVFFSIVVALVYEVSRGEFLVFMLGAIYIFLIPRKITLGFKQLMMVMLPMALLLYIGAMRISETSRASTQFGDGMANSLFSQIYTYVAMNFQNLNLLINSSFEPTYIWGGLKFILKPFFGTYYDSNSMGFTDYEVGFFNAKTFIYYFYNDLGLAGVILYSFIIGLLLQIIYNKTSSNIKYCLLQACFMKAIVFMLFGNYFFGEFVLIIPYLIVLFLLLLIRKVEPRRIENTPKK
BAQ01533.1	Escherichia coli	serogroup:O110	AB812049	MTSEGTKTPLFSYMLSFSLLFIMSCESFNETRYLPVFFLLFITAFYYIFFIRKISVSLLYSFGLVLSLVIILGALSSLPVLSYKQNLVNYGLSDFYISIVFKLLVAFFILALCPNNLTLINIIKGVLIVHLSVFYVQAAIVYLTGYYIDLLYPVTGELQRYESLFFLPWIGAVYRPTGLYVEPSTFSSFILWLLSIKILCQKNFCRFDIFVIVSSMLSLSLAAIVYGAMFLLLALLCSGSIKLIKKIQFVLLLLPAPFVFYEIFKARLEALGGSGESLRENLNKLVFSQDPLTLLFGNGLLGLPAEVSDLNSGAELWRLGIAALNDNGLWLFFIIKVGLVGLFILIIIMLLITRKKIDFIVFVILLLTKVTFFSFIFVFYFLTMVYLLLKRGSNYEKNTIY
BAQ01563.1	Escherichia coli	serogroup:O116	AB812051	MYWIYCLFLLFIVSLLNKGRYSTLAYKASLLIIFIFATGNYYNGVDWINYQKHYEFISNSGISSEYFAYEPGFLLLMYIFGNVLDIKNFHVIVIFISSISILSLSKFIKQIPKGVNKSLILFMLVAFIYPLYNDAIRQLFAFCIILPLLPNIKSIAIKKIIITCGIAALFHSSIILMVPLFILMRRELTQKFMFYSFICALLFLSLLINIEFIVNTLNNLIPKMLYVKLVNYVNNMGEFKVGFFAVIDFLGICIFCATYRVFKSNNDISVYAIGTFYFFILHLVFYGAPFLQRLLYYIFPLLSVYSCFIFSHCQRGSGARILLPLTLIMTLSVFARNIFNPYYATDFYEPKFFYTDGVFEKHLDVERLKYRKCSVIDEYDPNFCPK
BAQ01584.1	Escherichia coli	serogroup:O120	AB812052	MNVRDNDNAIKLLEFVLIFSFFIIALFFLYSPSYLIYIVVSAFVLIKFNNNYSFGLFILLIMVWLIVNSTNVISYQNFVLASDDFSSYYNNYLGFLHYGINEENLFEFGYSEIMLPLLNYIASLIIGQPEPYKLKFLYSVLQSTGVLYCCVKISRHYKLDLSNSILLTAAVLVFYKPLVGIQLSRQMFSSIFIIAFIFTNNKFERIIFSLMAFCFHSSAIILLPITQYLLTKRKRKDFYYSLIIVLLAYAAFIVVFTSFKNELINIPILNKLDYTFRMFNEPEKIKQSVFTSFLLLIYLIPALIFSILNKKSDGFKYNLAIICVFLISFCIVPGFNNRLFFAELYVFLGFFYYMVFFYNRVNAREHVSRLIIFILFTILFFQSQFSSENRQFDSFELEPFYYLKYLEYRETEINRGLLE
BAQ01598.1	Escherichia coli	serogroup:O125	AB812053	MIYKQYKLVLAQFYGFIGLIMIAVLSTSVKVEIDAILIWFLSVIFTIAIIFFVYNRMWVWFDGMFIILSPFYFFVSFLLYYFFGVNVFNVENNIINTSFLYCVAVWCIVASISLIRPHGINIFLLNKQYNYDNNYNLFIPSCIAWLISLFFLYQSRNLSLNALGESTRLELINSVSQSGWYLKYVVIAYFWILLDLKVVKKNLTNYSFVIYSIPVLLYFYTLMLVGSRREIALSFIMAVLLSLYKAKFKIPLKVALFSILFVSTIILFGIYRSDYNVESSIRLLNALGEFIYPISTLQYYSSIHYQTQFFGISYLQFIVNFIPKELFMGLKPDTLAIQFAKEVYLPSQEFMMGYAFTPFTEAFINYNYYGVIIFPAILCGYSYIMERLIGNNYFLYLVFLSQSINFQRSEFSSMIFELGMFFMAYICLRLSMQIVFFKFK
BAQ01641.1	Escherichia coli	serogroup:O131	AB812055	MGFIKVFNLKNSIVDDRYNLLWLFAGLLVVFVLGVLLFPLAGFFLFFFVAFLIANSSKFKLKRMVFFVLYFMLVMCIIINENSIQRFIYREDDFTTYYNNYLELLNGNYEFLFQFGGGAEIGLPALNYIFSFFIGNPFPYFLQMTYIGMYIVMLYYLVSIDRYFGNRDKSNKLDLLLWATLFLKITAMLTIERQAVASFFILYAISDIRRKYLWLFIGCLFHLSTPVVYLAVRFVLNTKTNKKVLVSCIALILFVVFSHQLLSVINHILPNDKVGYVLYYINNGDFIKNELVKSIKQVSYVIPLLLLDFAMRLQGYRWKLSSSLQLFVYSMLILSFLPGVPTRIFMPIVFILYGFYYYDFICLFRIKTRVIIFLIITSFFSVYKFFLPGYYYRYPIANIYPGYYISSFFDKYGYVERYSLPYSSDININNDDKL
BAQ01659.1	Escherichia coli	serogroup:O132	AB812056	MHWGVRTTSIILILLTVFFPGIVLWGGNFKIELIVLCIMSLCLILRINQVLLCIKPISIIIFSYMLYVLLGGTGLFSGTFDFFSLRNILYPFIKALVLVIFLFLFLLKKTQTPLYDINRLILLCFFIDSIFKVIEIMFPSVVSAWLNIISIDDWWKDTLGMRNLGFRGVSIYDYSVAATLAVLIDFSLRSRKKINFIIYPLVLLSALSSGRTGLVVIFIFTLVYFYRYAPKIIISGFIFIILIMYLSLFHSNELIHNQQLSWMFEPLLNILNGNIETESTDDLLENHLFMPDNILGYGLWGQYGDMLGSTIRGSDSGYILIILYGGWVGFIFFLICSFSYLLYAYIKSQDKKLSIAIFFTFMLIMIKGPIIYSDYNAFILMSLLIAPSFYIFFKAKENE
BAQ01675.1	Escherichia coli	serogroup:O133	AB812057	MAYLFISLLFVLLFAEIKITQRKFSPTIVLITLWIGVLIVTQIYSSALWQLSVETMWWVFGGVFAFFIGGFWGKLFFKIYGFKNISLQSNGNTLLFAIPFYILMFFFYYFMVRAGANEDQNWYVGIRKIINYGEPDLFFIMFGYIYYLIYPMLYLEAARYYSSKSFNKKDKYNYHMQLIMCILYAVMSTAKLKLLLVIVPVFFIRSYFKPTSTKLIIVVGTMFLGVFFLSLILLNKIAGDIGVFKIIITSIGNYTFFNLYAFDSLHFKEFLKIKCIDNSNSCSLLPFFEYGDFRTNIYTIMYSFIEYGFFSYSLFLFMVGFIHNAADQIAKKTSNIYAIILSSVLYVPLVFQIMDNQYTASKYLIYILMFSYVVYFTNVRRLRVM
BAQ01687.1	Escherichia coli	serogroup:O134	AB812058	MKTNNKKIKALIFFISIFLYFFKSVFISLELPEDLIGGVSNIINALILAILSPVILLSNKKQCAFIIFLIILFVYNAIFYNNIYMFGFIIIACMLILSNGIYWRDIIRYLSLAHFLVFLFIIPLVFFAEKYSFIDDRFGVRYTFGFHNPNTFSQYLISLYVVFLLLFVEVIKKKSLQFLTVIILTLFIYGVISLTGSRTGMILTIITGFGFLACTLSKTNDKKRRKFVYLYILGAGILCFIQYYLALTYNHSEFSKNINTILSGRIWFSSQLTSQLWPVPYFHGVNINDYLPIDFFYVAYFYNLGIFIGSWFIYLFIRKMFVQTYTPVMVIALWLSLAITVTENYYAIPLYNISLFIVFSSRYVINENENSCTYPSSQK
BAQ01702.1	Escherichia coli	serogroup:O136	AB812059	MSSTQVFSLLLGFYLVSVNLLIIPLDYFNVERSILIIPYVFIFSLSLFFFALATIGDFYKSPKQIFYVQVCFVFVIIIPSCLSFIQNTLLEVVPSMMRYMSYLFTFVFVYYFSAKNWFTVKNLDVSIKFISIILFIFSILQIVKGEMIYMNGAYRLSSIYGTTPAGFALITLVFSVYFYSQLHVSDSGKFKKIFPFAFFMINVSMMALTQSRQSIMTLLLLICIFHFVRAKNIFKFFSLIFILLLIYVFYLLVVNTDFFPRLTQMLFNYSSDSSTHTRISIITQSYEHLDVNDLIYGIGLGGFNHFYYKISGEIGVAAHNDFFLFFVEGGVIALFFYCLFLCGGVSFWGRAIKQQGDSYFTPLLVFCALYVFSFLNNPYYYPQVQVVASALMGVYLSEYIKKQKVNYVLP
BAQ01716.1	Escherichia coli	serogroup:O140	AB812060	MHRNITLKLILACLTTFVMMLFFPLWLNLLIFTIILFISDNSLKIPVSVILALLSSLFISSVDIAYDLKNYHDLFVNINSDIYTSEFKFEPFLLYYYSVLSQLDVDFRVVLFLQSLFLNVTLLYVFIKTLGIKGIKYYGLLLIFPQYVQLSLFLSRQTISLLFVVLLITYCLNNKMTLFKFIVVSTIAVSAHAISLLYITIILLSSRLKKYLTWKMLFTIWLVGILMPITADIMNNILQNVFNQIPLLDRKIGFYMNSVSTNISASLTLYSISILPLHILFFMILLSIKKKKYKTTATAFTFVYLIVYYLIIFLINYPLLPARIGLLIIIFTPYFYFVAINVFYSDSKYYKVMENFGVLFVLAIFIRFLFTNDYGDYNVNLANKHILEYSLSNLLN
BAQ01732.1	Escherichia coli	serogroup:O142	AB812061	MLYVLTFALITSFGLFIALYLVKCNFTSPLSLHCFAWFFVSSTGLFAYDEFIDFPEISFYAVMIWYLIVYFILITGELISLNIKSVNYFKNKEYICGRYWIIVIPLSAYTIYEIYRVGNTGPASFFLNLRLANIIDDYEGEKFTLMTAIYPVLIAMFSIVCISCSSKKNKYALWLWSILFCIGTMGKFAVITPILIFYIIRELTGGLNKKRMVFIVPGVISAILFMHFIRMSSGDSTTISSVLGVYIYSPLLALSKLPELNINGESGEYTFRFLIAILYKVGLSSNEPVKTILDYVNVPVPTNVFTVMQPFYQDYSLFGVAFGAIFYGIIYSSIYLLAKKGNPVALLIYAVLAISLFTSFFAETLITNLAGNIKVVICIYLLWRFTVRCKIKP
BAQ01743.1	Escherichia coli	serogroup:O144	AB812062	MNDRINMIRNENAIIIMATILAVIFLCCVSLSPLLGFYIPLMFLCIVCGNSKYIRMVLILFSIYSASFFVASRNIFDANASDFDVYYDVYQIVNNGGTILYKDFSAGFEFFLPLFFKMISFILGDASPQIVLAVTVFAQLFLLYIWLEWDGFKNVNPEDRNLCAASTFGLLFIYMFSQILRQGFSSVFCLFAISFFLRKERLSFIIFYLLAISSHLTAIIIVPMFIIFMKNKKISMLICLGMFAFSGVFSLLLPFIVAHNLFGEMSYKFAFYTFTSLAGYDLSSYFKFLVITVIAGYFFFDNKNKYLKPLIYYGGLAYIALLPIPLASDRMLMVLAALLPGYILFFSFYKIKNIYKIILILFFVLKVMTYGPFYDHKKDYDNPMQYWYTYPWINDTPFYYIH
BAQ01780.1	Escherichia coli	serogroup:O154	AB812064	MEHMNRVYCLNTTFLNPLIPILLMVAVFILSSFLYKVDSSSLVIIISTFLVISFIPLSFCFSSKYYVNTSNLSLKSFPLPYTTTIIIILSSSVEYFKLGIPLFGHVIYAEFGYPFLHHVSVMSWLLLFTCNSFKNRIIFILVMVFAFVNPLLMINRDLMLLTCFVFIFILLGKRKVSLKPILILGSIFLFVFGLIGEYRSPGVIHTVDLPFSFNYEKMPATIAWLFLYFTSSSFNMYYNIKTLGLNLYASNINVFPEPYYWSSFFDSFIFFPIVIILYFILLLSIRHYLLTKKTSELTLALYLYCIYQVYTGLFAVKVFNTHTLFVMLFLGVIQFCNILLPKKRRS
BAQ01793.1	Escherichia coli	serogroup:O156	AB812065	MENQHVYFYKKSNKANVSIVALIFTYISIIGWSPFFSGYLAVPLFLTYHIPFLLLLAYFMLTQKISSALISLSIIMIILISALTLLTESLINFNRYIFEPLTFLLCYYCTVSRKLAEKICTYASCVVIIGIVLSVISFCYAYAGGNEILTFHNVDGRLNSLYLTSFSNFKIGNIIRPSFIYDEPGAFSFVICFVVILREVLGRKYNWVYLLGGMITLSLTQFIILSLYIIVKNWKNIKQILVLCFALFGLIMFTYNNNEFDFFYNRFNTENGTFSGDNRSMQISNYLNVVNENMFLLGDYKCHDNINQRCESHGDISSSIVTPIYKGGILQLLLQIITHAIIFWLALRERKLIFPALVLTILLLQRPFFDVVGYSVMIYYSIFLMFNFKVFKDDYYHSRKK
BAQ01812.1	Escherichia coli	serogroup:O160	AB812066	MIIENNKVSSHSYLWVLFQSFIFYYKFMLQSWDGDEQIVNVISIILTLLLLCGTISAFIISNIKEKCIFLIIFIFVALNIIIADNKSVFWMVTAFTFLILFSTLTIKNRIRILVFSFIIAWCFFLPLQIFFSNSYTYIDDRYLRYTFGFLNPNGLGMFLLLLQTLLYYWIWTSIKATIIVKQMITIILGGSIICIIFLSESRTYILLSFLLLILTVIYGFKKFKFSSRLLFIYLLFVMLLQWLSVKGFENYLIFQDMNAYMSGRVWFSYNLLSQMGEPKFFIGSDISLYQPIDFFFISLLYNNGILASLILLYCNYIFLKKLDNSTKYESILAFIFITVSFTEAVYNIPLLNFFFLLLYKKELRFS
BAQ01843.1	Escherichia coli	serogroup:O163	AB812068	MTRKMNTAVLSFMMLYILTSLISVYQTLNQDLFPGELHRYVRTIADDEVVIITTLNIISFIICYITFLLFQKFRFRLNKNYHYELNDKRIHFIIFVVLISQLIFLYYTGIGKVTVNVEQRSTSSFSAFFAILKPEPFIFFYFLYYRLKPGFTFIKNKIFIFNMFLFIVFKLFQGWTSFLLILFFLEVHARVQFTKNRLRYVLFIPLIIIFFGGWVYQYAYVLKNEIRGAKVESITYLQGVEHLASRLSMNPNSLGAYQNYSKVINLYQQEGLALKESKAFLRPITPGGLVDKNFRNINNNVMTSYTPDLNQFTSSDFGIVMYYSILFNASLPDFVLSIIMTVLLLVIAKMFFDSISSIPGQCDILFFFVLFYTFYTVSLENVFGQNFIPYIFSFVIYYFLGGIKKVHFVEN
BAQ01860.1	Escherichia coli	serogroup:O169	AB812069	MIIITSFMVLLFLFTDNLKLKNFRIILFYFFSLCFSVLVYFRPEYMLNTDYKEYYNYFKWINFDNVYKLSDAIGFEYGFGYIVTLIKYFFESERACFSGIAFLSVFISYKAILRLNPKTTAFSFSLFLLSFCVYIFLGQIRQGISLSLGLLAISYLLEDKRKQFLLTVIIASSIHVTALILILAPFVKYFRIKYIFYSLLISFTFVFIDVIKPLIITLVQFIPFGSFITGKIIAYGNSEFSTKVGFSFIQVYYVLLSTVLYILVQKYEYKNNHILILCKIFMVGVILNFTFNSFSVLLRLTYYYLAFDCILLGYLLNMAKNGYTKILIYCPTLMLFILRFYMQWSEHING
BAQ01878.1	Escherichia coli	serogroup:O170	AB812070	MRNILNSTIGIFIVFTIFFPLSPFVFSSGNAGALTTICSIIIIFLLLQQKINVTNNLYMLLFPVLLSFIISALYWQEIMLLNYPKYLIFSIIIVSLLQKNIVYIIGKYSTFVIVFALCCAVIGFIYAAIGGSAIYTITNPNGREFYFYLTTFTVTNYSGFIRPSAFFDEPGALSFYICFVVMLREILWPRKRALNFALLAFGIVTLSLAHIVFTILYIIYCLITKPTTKLIVGLVIILILSFVFLAVLPNKDVVFEYLISRSSSDTDGQGRSALLQAAIDTLQNAGVGLYIFGIDSNCLVNYDEACRYIYPRMGENILSPVVFGGLLTSWLFYFSYIYVGYKSLRKFIPNFIIFSFLLLYLQRPYIYLLSYSFMFMIALRLSIGFFDKEK
BAQ01894.1	Escherichia coli	serogroup:O171	AB812071	MIPHHNLICSFKLRLQIFFTLFTLYCIFSLWGMSVENKIFTYISLFISFLIVIFALTQGIRSVSFFILFAAFFCLSSMALFSNKTGEPVAILINAYLFVFAMMISNIIYKLRLACRSSVILFSTTHIYFFIFCIYKYKIDGFINENTFNELFWQSSRNIVSAILLLATIFFLAVNYIEQKKIYLSVLFINMISSILLYGRSGVVLSFIVLFIGIYLKFFKEEKNVIKIILFLFFSILILVLILYTGFTDNMVSAILSHTNLQSGFDTPRIQMWYDYIVNFDYKILLLGTNFLFSPLITSFDGNPHNSFIMFQARFGIFAVLFLLSISYLYLKLFQNSLLLSLLLGLIFVRMFFDTFSLFGYFDFIWVYMLIYLPRNNKKRSFL
BAQ01917.1	Escherichia coli	serogroup:O175	AB812073	MNRQNLLIGVVFFSTLKVASILGNVFLSFLIPVILSSFALLVGWEKKLIGRHSLFIIAVAFLILFSLIISLTIGHFGFASYLLSSYVMIITYVLIVGMFLVQSRDILSRPHFWIKTTKIVILFHTLLLSMQIVAFYFFNTLLDVGALTGGAETRSIVILSDSLRLFRGGGLFEEPSIYVGFIFPFICLRYINNGNKIDYIIMLGLGGVIVTLSIVGCVLVILFFIVVFFRFNIKLLLILTMLLLVAYYYSSDYLLFRLDKVLNGNDGSSSVKLSMLVDYFNNDVFFKGYGLLRKSDFNGAYDGLGDTTVYTSLFTIFGFPIGLLLIIPLLYKIITMDYGIRQKVLLSLCFVKLASPTYMFFWALYLIVCLVGKNNK
BAQ01935.1	Escherichia coli	serogroup:O176	AB812074	MILYKERSVQANVITKLMAICIVICFAMFILLLKNMLGNNGYATLLHVLAPFLSICLIAVMIFFYIKRASFISLQLMYAFAFSLIIGVPGIYLLNFRNPVKGFEIVCLWAILLNIVLYFCSYNNKTITQRKKVNKYFVVIFVIVGICQLIKTGLYFIFIVNSGVGHLAIYTEGDALVSQVPFVIRAISGMSLIMSLATFYYRASTGVRWFSFLLLASELLIGIRSKFFFSLISLIILSLYCNKELIKKRFLKISRLLYLVIGFVLFSLVSYYREGYDINFVKYMVIVLDSLSSTLAGLQDIFVLPDSQGWNRLDPHLIITQLFPISGLGFLNSTQIYKEFSVIVLGDISSGIALSSSGILESTILDVDFNFFIYLSYLLLMLSLIQHFLNSPKVFLNFIAIAMLPGFLYSIRGELILPIAYIIKSSPIIIVSNFLVSDKNADE
BAQ01960.1	Escherichia coli	serogroup:O179	AB812076	MFTISPVFFENITFQGSRTLADVLFCISLLLIICKHKKVNISLLGIVYIIIVLVIMSVNAALGFSNASTTINNELFDKLTWLILDRNINEFIPFGDYYRNILIYTRYLLIPFYFWMGLYYSKLVGKERAIVTLYNGLIICLLLNMLYGIYNDDDRLTGFFENTAALSSLALLCMLLSLFTKSKYKIILSWVIGIIALLMSQTASAFIGLTAVVLILVFNIRRHHKKTVYITSLLSVVIASIGLMPEIMEFIARYMYTGSLINRINTWSTIINYFDSYQVAILGLGSFPLFADNIFIWLISGFGIFSFVIYMYLVSIGNKSQKSALFISLLLWQGVLFPGFIMPYMLMTTFITLGILSNNKGCENECI
BAQ01999.1	Escherichia coli	serogroup:O181	AB812078	MNILDKKKNSTSFNYYKITTGLYIILTMYSLLVSIYLSIPLLLYGIITNKKGTPLFIALFFSILGYSFTPPFEFDLYRHYESYEYYLQYNEFLYPIKDFYLSFLFLIGKNLSLKKEFLYFISILIYYTSILTVVLKLKKNVPLTGTYFFIIFVLFILNNTVVEITGLRFTTALGFISLFIYYNYIESRKKTSYFFLFLSVLSHFSVIILPIVIILLRLLYKLFNSRLNAIIMIFTSVIAGLYFVEPIVAFAVIGVEKLFNIYIGAETYTSGLWGADRVTLHGFSQTGIMFENIKLGISILIPVIISITFILNKDYGKNELTKLFVACSIIFFIFIPFDTVYLRYQYLLIVTALIIFATKNYKFKYLDGQFIGISMIFLKISMQITVGLLSTYVFYIRGLKFDFINTNLVAVLFNIM
BAQ02015.1	Escherichia coli	serogroup:O182	AB812079	MSENILSRLTLNSAQKCLLTGLIIILLGPYGGALGFALVVCGAGLEKGRIERYILCVFSFFIFTLCSVQGVFHSSNFNTISLFTALCTVMVLFLVDNNSLILILDKLIFVISVTVPIALIIAISQTLGVYPFEFRSNEVLGVMRFTFLFAEPSHYSILLSLCSLISLVKKTNLFTRFILLFGLLMTWSLSGFCIFTFGYIAYKFYTRGIIKYFIISLLLGSIITFLWFFKLQYSDFWLVAKIDSIIQLFSGNTVGASSALLRFNSIIIGPYFINEKINSDNFLLSFFGLGFGNLSDFVSVYYQSNFGLPDVYDANNIISNVIISSGIVGLVFYILSFSYFTGLNLVNILFAAIILLCLSLFSGYAFGPFAILTLLLSRAFILLVINHDKARINRCTYFNTWFENKTGS
BAQ02031.1	Escherichia coli	serogroup:O184	AB812080	MPIAVYFIEFAYVMIVLLFILYYNSRNMPFIEGLFLILIICSPYSISIIPFRQDMYEIYGIYSNNGILNIVNFYKIAGLSILDMMALLIIVININTVMKIPSFFIMFYFLVGCFSIIGYSISSYLFWSPELDNIFNILSVFKSIIYIISVYCAIDRICKHIGFDKFIKFLANLILCYCIINALILCFLPDWYTWVKYSFNYLFLDQTDQFLVFLYCLLAVWGPLSGIHRYKIYALILCIMLLLSGGKGGVYSLVILAMAWLYKNSNINSAILSICFFLIMILSWMLSYYIGFNVFDLSIYTRYFQVNQLFLNYMNNILTIFFGIGPSKAYFFYSEPAILDPGAYTSSELNSSFKIGFQMPYLTWIKNFGLSGLILLYLSLNYVVKTARHSKSNEAYFSGIVYALGLYFLLVGFMDFPSFGLKTIIPISLYIYIVKMNATNIHCEGRK
BAQ02048.1	Escherichia coli	serogroup:O185	AB812081	MNNSAIIVFVDSIIIAFFIVGYLLNEAGFVSVDYYTLAISCFLFIAFAYLQTALLSGVLSIISLFIMTISIFIFGRIFSYLLYSEMDYYTVTLFYTTTISSLDSVNLLLTIGIIIYSILLGYFFTQCIENKNKNVNVVTYNLRLPNGPVLFLVGCLVFPYIYSGLEAVNSGGYLSFYTKNLELLEKGSIIPNLYSLGITIATVFLSISISTDNKKNTNFYLCVLLMNSLMLAFIGQRGPLLSFFLFYLWYRNKYIKKIPLLRLVIIGGIAIVFSQTLLLFRADYSNSNINLFEHYFSFLFQQGVTLHVIYFTKYIDNFPGYLLAQNFIPGANAIYNMFAEHTILYNSSSAYLSDLLNPALFKSGYGVGWSFVNDIVLLCNKNVGAMIIVACLFGVFLSLAENRGNSKGLYITALSVITAYRIGFLPRAGLNGIFPLWIYSLVIITLLMVLKKKWKN
BAQ02068.1	Escherichia coli	serogroup:O186	AB812082	MYLTTNYCDFLSRTRIVRRIFLLVYLISNVYAYIVFTETGVLIGDYQGVLIIYKDQVVYLLMLTIMSYYIVCGPVFNCLSKVKIRLRTFKGLNSFAYILFFFQILFAVFNISTGSNAAGTDFQTGGVIRLLWLFLPVDYLFYIYYFVGREKKVSKIYLANVVIFILSMLSRGWLGWTLVLLYAELCFFFYSQKKIKIKYLILLFFLLIVAPLAFSLKIQLRADLYSSGIGGVISTLSNIDYIQSYNNFIAGFLSRIQQLSNIVFFYDHQQELYKFVSSDIVSNYAWEGLPQQTVAKLLGLDPGVDMHIFLYSHYISSTSEAVTTLQVGFISWLFLGTLSSVFYPLFVFAIICISLFLSKKLGGEKLCALTWIMIFLSIMCGWYNAYLVYMQALITFYFIMGFLNLITLEKTKINHT
BAQ02088.1	Escherichia coli	serogroup:O187	AB812083	MLKLYKNKAQEYYLLICLFLCVFNFYVPSVGPALYISIAMVFVYLVVNIKSLCKYNSVISRAYVSYIFIYGLPFLFLICFVGVRTILSGSGDTSFLFLLIKYFVFGCVASLFAVAIFISSEITSLSDVQALFYRITLVQSLIIIAAVLSPSISEFVRLYQNNDANNSSLVLEGLRGVALSSMQFYSLACYFCIITILLADDFINNKIGYLKTSVFLLLMAISSIFISRTAIIGVLLFFVYTLNPFIKYGKKRSVAMALMFLVLTLVFLLFSGLIFTEQVSIIQQKVLPWAFELIYRYSETGSFSTASTDELKSMYFSLNEITMLIGDGKYTGDTPGTYYMGTDAGYMRPTLFGGFFLILAMLVIWILWLKNTFYPKKGGVLFISLVILSLILQYKGEFIITNYCTLILLSTLLMVSQLLKQKFRG
BAQ02105.1	Escherichia coli	serogroup:O17	AB812084	MHKQYYSLLCNKIQFKHLAIYFSVFLSLSSCFLWGGADTFVSQVYIDILATISTALLVVLMFYYYINRVRYLSLTLLFAFVFSLIIGLPSIYLYYFKNANHGFEIICIWGMLINSILYLQTTETVIKEEKRYLTSLFYILFSIVALCQLYKILIYLMFILNSGEGHLAIYTESEELLSQVPFFIRAISGFAVVMSLSTFYFKTPTYIKVIAFVLLASDLAIGIRNKFFFSVICIFILYMYSNEYRVRNLFKQLSKPIFLIAGFLCFSMVSYFREGYQIDFMIYIGIVLDSLSSTLGGMQNLFDMQSSGWDQLHPAVVFTQVLPLSGLGFLDDQQIAKDFSIIVLGDVSSGIALSSSGLLESSLLSLNLGVIIYLLYLSGVMLFIKWGLNNQRIIINFVAISMISGFFYAVRGELILPLAFLLKSLPIVLISPLLVKNKIYHGQ
BAQ02116.1	Escherichia coli	serogroup:O54	AB812085	MESLFIYFFVTMVLIVFTCFFKHNNNILIIVCSAILSVTYGLRVGIGNDYEQYNNIFNAINYNSYSAIEPTFILLSRLLEQYDYGFNYLMAIYAFVTFFLCYMGIRKYNIYPYVPLLMFSTGFIFFVDNQVRQALATSFFIYYMRFISTREFGKYLICVIISTIFMHFSSAVLLLAYFVTRKRINGVVWILLLLFAYILMKLDVVHTVLSNIISMVPYYSELYLQRFNDISLNVTGSGLGVLFWLIIAVFIVIFNQKNDDVIVFNLFIIGTIINTIFINYDIFERVSFYFIYLRFILLAIIFKKIMFRNNVNFMLCGILITLTVFFTSYEVINDANKHGVVPLRFIYLDTEV
BAQ02177.1	Escherichia coli	serogroup:O77	AB972416	MHKQYYSLLCNKIQFKHLAIYFSVFLSLSSCFLWGGADTFVSQVYIDILATISTALLVVLMFYYYINRVRYLSLTLLFAFVFSLIIGLPSIYLYYFKNANHGFEIICIWGMLINSILYLQTTETVIKEEKRYLTSLFYILFSIVALCQLYKILIYLMFILNSGEGHLAIYTESEELLSQVPFFIRAISGFAVVMSLSTFYFKTPTYIKVIAFVLLASDLAIGIRNKFFFSVICIFILYMYSNEYRVRNLFKQLSKPIFLIAGFLCFSMVSYFREGYQIDFMIYIGIVLDSLSSTLGGMQNLFDMQSSGWDQLHPAVVFTQVLPLSGLGFLDDQQIAKDFSIIVLGDVSSGIALSSSGLLESSLLSLNLGVIIYLLYLSGVMLFIKWGLNNQRIIINFVAISMISGFFYAVRGELILPLAFLLKSLPIVLISPLLVKNKIYHGQ
BAQ02224.1	Escherichia coli	serogroup:O123	AB972419	MYLTTNYCDFLSRTRIVRRIFLLVYLISNVYAYIVFTETGVLIGDYQGVLIIYKDQVVYLLMLTIMSYYIVCGPVFNCLSKVKIRLRTFKGLNSFAYILFFFQILFAVFNISTGSNAAGTDFQTGGVIRLLWLFLPVDYLFYIYYFVGREKKVSKIYLANVVIFILSMLSRGWLGWTLVLLYAELCFFFYSQKKIKIKYLILLFFLLIVAPLAFSLKIQLRADLYSSGIGGVISTLSNIDYIQSYNNFIAGFLSRIQQLSNIVFFYDHQQELYKFVSSDIVSNYAWEGLPQQTVAKLLGLDPGVDMHIFLYSHYISSTSEAVTTLQVGFISWLFLGTLSSVFYPLFVFAIICISLFLSKKLGGEKLCALTWIMIFLSIMCGWYNAYLVYMQALITFYFIMGFLNLITLEKTKINHT
BAQ02259.1	Escherichia coli	serogroup:O129	AB972421	MNNINKIFITFLCIELIIGGGGRLLEPLGIFPLRYLLFVFSFILLIFNLVTFNFSITQKCVSLFIWLLLFPFYGFFVGLLAGNKINDILFDVQPYLFMLSLIYLFTLRYTLKLFLCEIFIKIVNAFALYGSLLYISYIILLNFGLLNFNLIYEHLSLTSEFFFRPDGAFFSKSFYFFGVGAIISFVDKKYLKCLIIVLAILLTESRGVLLFTTLSLLLASFKLHKLYLNTIIIILGSVLFIIMLYMVGSRSEDSDSVRFNDLYFYYKNVDLATFLFGRGFGSFILDRLRIEIVPLEILQKTGVIGVFISLVPMLLIFVKGYFLNSTKTSLMMSLILFFSITVSITNPFLFTPMGIFIIGVVVLWVFSIENIQISNNLTSGAK
AJE24464.1	Escherichia coli	O153:K-:H7	KJ755551	MLVIAWYSIFLLISATGMTGLNKLSTEAILCYIAFLFCFFFGMMLGGVSLPNGMKMLQQEQKIKKRHASAIVLIYCFFIFYSLIALLNIYYFNKVDLSSYRQAFFDGSRDNVKYFYGVFGFYFYYLLSLLVFALVPYTIITNSKKTISLCFFALLLYDIIFLSRTGVYYFILSYIVSSILLKKGIKKIIIVGMVALLFSLIMSYTRDMKSDIIGTLFSSIINYHIAPFVLFDENIISNHLIKYNGAGLASLGIYNIIFYPIDSSIMSSINDFRAQLNEFYDLGVNRYLPYNAYYTSLGGVYIDSGLIGSMMVSFMTGFIIVGIEKSAFKSTKFLVSSVFFTTLCMESIFSPITLNIFAFTIIVYLVVLMVLKYENSDDNTIFKKYRAK
AIG62684.1	Escherichia coli	O20:K17:H-	KJ778793	MSNQEYSQYLFFPNILLFFTIFLLLFLFFIAWFKNNLYSWLDPLLLAILFSSAGVSTVIFLYVLGEIKVNYLLQTMLSQLMLMLGYKILSRRETSYLNKQVKHSTYEQLNTGYPRAFLASSFLFIVAQASTYFLLGIPLLMANRLMIYQEGGFGVLGRIIDATFVISFYTFLDMKVRFKVRGLFKAYGYIYLLFLIISLVLNGSKAGILNLVFIIGIFCYLNKLKFNISLISIYSKFARRLLIFAFISMFIILMVNYGIFSDQNYNRIIDLLGVIFLRIFNSGDIYVLSYPNDALFKIPAEHNGIISLFKDLLATFRIISTNEIPPSLGNIAFNIYSTTEIGGANARQSLFGYYYFGFMGSLLFSFFLGLTMSFFRHVLPRIKKATPLAMGVLCYFILNFSFLDIDPSYQFSKLTNFFIVTPLIILLMGVMPNIRRQKNV
AIG62747.1	Escherichia coli	O178:H7	KJ778799	MNLTLNNFMAYILAITMVIQSYSKVFFASDTIFQNIFFYALVFFSILIVSISKFRLIDIFLIITSLIIYLAFGNGFALKLFLVSLAVRCLDINKLLRCYLLLATIAFITVILFNVGGDNSLIYFKGDGVFRIARETLGFDNPNKPFYYLLPIFCCFVFLYFKRYPISCITAIIIVTYAVYIKTLTTTGLFSNALLVLMLLIYYFLPNKTNRILGNPLLITCSIIVLYFASFFIAFTYHSDSNVNFFLSHRPEYWYEIIRTTNIYLLIFGQALDLQLVPLDNSYIHSVIYMGAFFCIIMIFCYWLGLTRAKLRGVNISIISILCIYVFFYSFGETLLVEPTLNITFIIIFNYIRDHNKYESIDLQP
AJR19430.1	Escherichia coli	O186:K-:H-	KP710595	MLISCFFFQILFAVFNISTGSNAAGTDFQTGGVIRLLWLFLPVDYLFYIYYFVGREKKVSKIYLANVVIFILSMLSRGWLGWTLVLLYAELCFFFYSQKKIKIKYLILLFFLLIVAPLAFSLKIQLRADLYSSGIGGVISTLSNIDYIQSYNNFIAGFLSRIQQLSNIVFFYDHQQELYKFVSSDIVSNYAWEGLPQQTVAKLLGLDPGVDMHIFLYSHYISSTSEAVTTLQVGFISWLFLGTLSSVFYPLFVFAIICISLFLSKKLGGEKLCALTWIMIFLSIMCGWYNAYLVYMQALITFYFIMGFLNLITLEKTKINHT
AQU71717.1	Escherichia coli O1:H12	NA	KY115223	MQIRTRNLLFFIMVLCATIFAMKIMPYSNDHQAYLDLYKFTIYDSSYERMEVGFKSFMVLFKSIDFSFEFLWLLIAFTSVLLKFYVLKSFDSKISVLFWLYFLYCISLLALHEGTQIRAAIAIAIGMVGFRCKNKRLGVCLLLFSAMFHYSAILFIVLYMLNIVAKPYKFTWLLVVIYISTIMPLFLQQYSNILESINPLFTLYLQNSDDTQINKFSFTSIFAIAFFIINFFLGRRLNCYNTNNDFIFKQYNLFSFLYLSSVILLSALSFSPVISIRLYELFSLSPFVIIAILYAKSFKIIFHSDLRLAFFRRTLFSVLWLISVHRFIAYYYVNPIIKF
AQU71739.1	Escherichia coli O1:H20	NA	KY115225	MQIRTRNLLFFIMVLCATIFAMKIMPYSNDHQAYLDLYKFTIYDSSYERMEVGFKSFMVLFKSIDFSFEFLWLLIAFTSVLLKFYVLKSFDSKISVLFWLYFLYCISLLALHEGTQIRAAIAIAIGMVGFRCKNKRLGVCLLLFSAMFHYSAILFIVLYMLNIVAKPYKFTWLLVVISISTIMPLFLQQYSNILESINPLFTLYLQNSDDTQINKFSFTSIFAIAFFIINFFLGRRLNCYNTNNDFIFKQYNLFSFLYLSSVILLSALSFSPVISIRLYELFSLSPFVIIAILYAKCFKIIFHSDLRLAFFRRTLFSVLWLISVHRFIAYYYVNPIIKF
AQU71752.1	Escherichia coli O1:H-	NA	KY115226	MFLYLTIFICISILSFLPNQKYVLKVIMFFLLLMCAFRSEFVDRDYTNYITLIFESANNLFYPIEPSFKLISFIAVNIFNGYYFVFIVFALISVSLKYNIIKKSSPFLLLSVLVYYSNTFILQDLTQIRAGVAGAIVLYSVLQYAKNKNIISFVMLILLASTFHITALLFFIVLAFDTNAVSSRYIFIYYLTLIVAYCCSYIGINFLTLFKYIPSSYVQYKFNDYISQSQGADFVPVNIFSVMQILHLFIVGLSFVFSRKRILPREQVLIIKIYSLSPLAFIILSSMPVFSLRISEFFAISEIILLPSLPLLFRQIKFAKLAVIGICFIMFYINIYHLQILNEYSTL
AQU71788.1	Escherichia coli O2:H49	NA	KY115228	MEFYYLILLFLVIVSIISAGFDKKTHFNLFLAFTICVFFITISSMRWERGTDWVSYYEIYQAAKNSTVCSNIYCLGVEPGYYFLNWVFSPFASYSIFLMILAVLIIPIKTFFFYKMSDFPFLALLLYFCIMLYDVFPVRQSLATSLCLLYFLIYKEHKKLSIAILIAALSIHYTSIIFFVSLFICTREKILTIKNIILLILSYVTLTLIIMSPPEILASRINDYILNQKVYSEDITMTRNILKSIDQILIISICIGMLSKTDFSRTILNLSIFGSIIFILGTFLAPQLARFGLFFVPFQIISISSSLLLVQKHSKFITFLIIVIYATIKLHLIILPFYDLFVPFKIHI
AQU71805.1	Escherichia coli O2:H40	NA	KY115229	MNIYLFIFSLLLLLSYPKDLKQFFYPTVIILFLFSSFRGIEVDRDHANYIELITLASNNLSYPIEPGFKILSFISVNIFGGYFFVFLAFAFISIYYKAKAIRLISPYPMLSLLLLFSNVYLLHDFTQIRAAAAGAISCYALTHLIKDNKNKFLLYIVFASIFHYSALVFLIALLFKKNNISLLFIIMYLLSLSGCYLLYYLNINLLNIINFINIPYIKNKYLEYAMSVFTDEYVKVNVYSFVQLSHIFISLFLLLSSYRIKFDASELILLKLYSLAPICLVLFSFVPAFSLRMSELFSILEILILPFFVRMIKQKFCMKTFIVLVATAMIYIHLFHVNLLNQYNMNF